kind,k_idx,sval,name,level,alloc,min_depth_ft,cost,flags,sell_unknown,sell_known,id_gain,id_scroll_pays
amulet,166,1,Teleportation,10,10/1,500,0,LIGHT_CURSE | TELEPORT | EASY_KNOW,14-20,0-0,-14--20,no
amulet,168,4,Resist Acid,10,10/1,500,300,RES_ACID | IGNORE_ACID | EASY_KNOW,14-20,90-135,76-115,maybe
amulet,169,2,Adornment,10,10/1,500,20,EASY_KNOW,14-20,6-9,-8--11,no
amulet,429,21,Infravision,10,10/2,500,200,INFRA | HIDE_TYPE,14-20,60-90,46-70,no
amulet,430,22,Resist Lightning,10,10/1,500,300,RES_ELEC | IGNORE_ELEC | EASY_KNOW,14-20,90-135,76-115,maybe
amulet,165,5,Searching,15,15/1,750,600,SEARCH | HIDE_TYPE,14-20,180-270,166-250,yes
amulet,167,3,Slow Digestion,15,15/1,750,200,SLOW_DIGEST | EASY_KNOW,14-20,60-90,46-70,no
amulet,163,6,Wisdom,30,30/1,1500,500,WIS | SUST_WIS | HIDE_TYPE,14-20,150-225,136-205,yes
amulet,164,7,Charisma,30,30/1,1500,500,CHR | SUST_CHR | HIDE_TYPE,14-20,150-225,136-205,yes
amulet,425,15,Regeneration,30,30/3,1500,600,REGEN | EASY_KNOW,14-20,180-270,166-250,yes
amulet,517,25,Speed,30,30/16,1500,20000,SPEED | HIDE_TYPE,14-20,6000-9000,5986-8980,yes
amulet,514,17,Jewel,40,,,25000,INSTA_ART,14-20,7500-11250,7486-11230,yes
amulet,515,23,the Moon,40,40/8:60/4,2000,30000,SEE_INVIS | INFRA | ACTIVATE | | IGNORE_ACID | IGNORE_ELEC | IGNORE_FIRE | IGNORE_COLD,14-20,9000-13500,8986-13480,yes
amulet,516,24,Terken,40,40/8:60/4,2000,30000,SEE_INVIS | FREE_ACT | SEARCH | | IGNORE_ACID | IGNORE_ELEC | IGNORE_FIRE | IGNORE_COLD,14-20,9000-13500,8986-13480,yes
amulet,172,0,DOOM,50,50/1,2500,0,LIGHT_CURSE | STR | INT | WIS | DEX | CON | CHR | HIDE_TYPE,14-20,0-0,-14--20,no
amulet,423,13,ESP,50,60/8,3000,25000,TELEPATHY | SEARCH | | IGNORE_ACID | IGNORE_ELEC | IGNORE_FIRE | IGNORE_COLD | | HIDE_TYPE,14-20,7500-11250,7486-11230,yes
amulet,503,10,Amulet,50,,,60000,INSTA_ART,14-20,18000-27000,17986-26980,yes
amulet,170,9,Sustenance,60,60/6,3000,20000,SUST_STR | SUST_INT | SUST_WIS | SUST_DEX | SUST_CON | SUST_CHR | | HOLD_LIFE | SLOW_DIGEST | EASY_KNOW | | IGNORE_ACID | IGNORE_ELEC | IGNORE_FIRE | IGNORE_COLD,14-20,6000-9000,5986-8980,yes
amulet,424,14,Resistance,60,60/8,3000,20000,RES_FIRE | RES_ACID | RES_ELEC | RES_COLD | EASY_KNOW | | IGNORE_ACID | IGNORE_ELEC | IGNORE_FIRE | IGNORE_COLD,14-20,6000-9000,5986-8980,yes
amulet,513,16,Elfstone,60,,,50000,INSTA_ART,14-20,15000-22500,14986-22480,yes
amulet,504,11,Amulet,65,,,90000,INSTA_ART,14-20,27000-40500,26986-40480,yes
amulet,171,8,the Magi,70,70/8,3500,30000,FREE_ACT | SEE_INVIS | SEARCH | SUST_INT | INT | RES_CONFU | | IGNORE_ACID | IGNORE_ELEC | IGNORE_FIRE | IGNORE_COLD | | HIDE_TYPE,14-20,9000-13500,8986-13480,yes
amulet,426,18,Devotion,70,70/8,3500,30000,WIS | CHR | SUST_WIS | SUST_CHR | LITE | | RES_DARK | RES_LITE | RES_FIRE | HOLD_LIFE | | HIDE_TYPE,14-20,9000-13500,8986-13480,yes
amulet,427,19,Weaponmastery,70,70/8,3500,30000,STR | SUST_STR | SUST_CON | FREE_ACT | | RES_FEAR | RES_DISEN | HIDE_TYPE,14-20,9000-13500,8986-13480,yes
amulet,428,20,Trickery,70,70/8,3500,30000,DEX | SUST_DEX | STEALTH | SPEED | SEARCH | INFRA | | RES_NEXUS | RES_POIS | HIDE_TYPE,14-20,9000-13500,8986-13480,yes
amulet,505,12,Necklace,70,,,75000,INSTA_ART,14-20,22500-33750,22486-33730,yes
potion,222,2,Slime Mold Juice,0,0/1,0,2,EASY_KNOW,8-9,1-1,-7--8,no
potion,223,1,Apple Juice,0,0/1,0,1,EASY_KNOW,8-9,0-0,-8--9,no
potion,224,0,Water,0,0/1,0,1,EASY_KNOW,8-9,0-0,-8--9,no
potion,237,34,Cure Light Wounds,0,0/1:1/1:3/1,0,15,EASY_KNOW,8-9,6-7,-2--2,no
potion,245,11,Sleep,0,0/1,0,0,EASY_KNOW,8-9,0-0,-8--9,no
potion,246,7,Blindness,0,0/1,0,0,EASY_KNOW,8-9,0-0,-8--9,no
potion,247,9,Confusion,0,0/1,0,0,EASY_KNOW,8-9,0-0,-8--9,no
potion,255,5,Salt Water,0,0/1,0,0,EASY_KNOW,8-9,0-0,-8--9,no
potion,249,29,Speed,1,1/1:40/1,50,75,EASY_KNOW,8-9,29-35,21-26,no
potion,250,4,Slowness,1,1/1,50,0,EASY_KNOW,8-9,0-0,-8--9,no
potion,257,32,Heroism,1,1/1,50,35,EASY_KNOW,8-9,14-16,6-7,no
potion,259,28,Boldness,1,1/1,50,10,EASY_KNOW,8-9,4-5,-4--4,no
potion,261,30,Resist Heat,1,1/1,50,30,EASY_KNOW,8-9,12-14,4-5,no
potion,262,31,Resist Cold,1,1/1,50,30,EASY_KNOW,8-9,12-14,4-5,no
potion,264,26,Slow Poison,1,1/1,50,25,EASY_KNOW,8-9,10-12,2-3,no
potion,226,16,Weakness,3,3/1,150,0,EASY_KNOW,8-9,0-0,-8--9,no
potion,240,35,Cure Serious Wounds,3,3/1,150,40,EASY_KNOW,8-9,16-18,8-9,no
potion,248,6,Poison,3,3/1,150,0,EASY_KNOW,8-9,0-0,-8--9,no
potion,258,33,Berserk Strength,3,3/1,150,100,EASY_KNOW,8-9,39-46,31-37,no
potion,263,25,Detect Invisible,3,3/1,150,50,EASY_KNOW,8-9,20-23,12-14,no
potion,267,24,Infravision,3,3/1,150,20,EASY_KNOW,8-9,8-9,0-0,no
potion,238,19,Clumsiness,5,5/1,250,0,EASY_KNOW,8-9,0-0,-8--9,no
potion,241,36,Cure Critical Wounds,5,5/1,250,100,EASY_KNOW,8-9,39-46,31-37,no
potion,265,27,Neutralize Poison,5,5/1,250,75,EASY_KNOW,8-9,29-35,21-26,no
potion,239,20,Sickliness,10,10/1,500,0,EASY_KNOW,8-9,0-0,-8--9,no
potion,254,13,Lose Memories,10,10/1,500,0,EASY_KNOW,8-9,0-0,-8--9,no
potion,242,37,Healing,15,15/1:60/1,750,300,EASY_KNOW,8-9,117-138,109-129,yes
potion,229,17,Stupidity,20,20/1,1000,0,EASY_KNOW,8-9,0-0,-8--9,no
potion,232,18,Naivety,20,20/1,1000,0,EASY_KNOW,8-9,0-0,-8--9,no
potion,234,53,Charisma,20,20/1,1000,1000,EASY_KNOW,8-9,390-460,382-451,yes
potion,235,21,Ugliness,20,20/1,1000,0,EASY_KNOW,8-9,0-0,-8--9,no
potion,236,47,Restore Charisma,20,20/1,1000,300,EASY_KNOW,8-9,117-138,109-129,yes
potion,227,42,Restore Strength,25,25/1,1250,300,EASY_KNOW,8-9,117-138,109-129,yes
potion,230,43,Restore Intelligence,25,25/1,1250,300,EASY_KNOW,8-9,117-138,109-129,yes
potion,233,44,Restore Wisdom,25,25/1,1250,300,EASY_KNOW,8-9,117-138,109-129,yes
potion,252,45,Restore Dexterity,25,25/1,1250,300,EASY_KNOW,8-9,117-138,109-129,yes
potion,253,46,Restore Constitution,25,25/1,1250,300,EASY_KNOW,8-9,117-138,109-129,yes
potion,256,56,Enlightenment,25,25/1,1250,800,EASY_KNOW,8-9,312-368,304-359,yes
potion,266,40,Restore Mana,25,25/1:70/1,1250,350,EASY_KNOW,8-9,137-161,129-152,yes
potion,225,48,Strength,30,30/1,1500,8000,EASY_KNOW,8-9,3120-3680,3112-3671,yes
potion,228,49,Intelligence,30,30/1,1500,8000,EASY_KNOW,8-9,3120-3680,3112-3671,yes
potion,231,50,Wisdom,30,30/1,1500,8000,EASY_KNOW,8-9,3120-3680,3112-3671,yes
potion,243,52,Constitution,30,30/1,1500,8000,EASY_KNOW,8-9,3120-3680,3112-3671,yes
potion,251,51,Dexterity,30,30/1,1500,8000,EASY_KNOW,8-9,3120-3680,3112-3671,yes
potion,260,41,Restore Life Levels,40,40/1,2000,400,EASY_KNOW,8-9,156-184,148-175,yes
potion,416,15,Ruination,40,40/8,2000,0,EASY_KNOW,8-9,0-0,-8--9,no
potion,418,55,Augmentation,40,40/16,2000,60000,EASY_KNOW,8-9,23400-27600,23392-27591,yes
potion,419,38,*Healing*,40,40/4:80/2,2000,1500,EASY_KNOW,8-9,585-690,577-681,yes
potion,421,58,Self Knowledge,40,40/1,2000,2000,EASY_KNOW,8-9,780-920,772-911,yes
potion,415,23,Death,55,55/4,2750,0,EASY_KNOW,8-9,0-0,-8--9,no
potion,417,22,Detonations,60,60/8,3000,10000,EASY_KNOW,8-9,3900-4600,3892-4591,yes
potion,420,39,Life,60,60/4:100/4,3000,5000,EASY_KNOW,8-9,1950-2300,1942-2291,yes
potion,244,59,Experience,65,65/1,3250,25000,EASY_KNOW,8-9,9750-11500,9742-11491,yes
potion,422,57,*Enlightenment*,70,70/4,3500,80000,EASY_KNOW,8-9,31200-36800,31192-36791,yes
ring,137,23,Searching,5,5/1,250,250,SEARCH | HIDE_TYPE,14-20,75-113,61-93,maybe
ring,138,4,Teleportation,5,5/1,250,0,LIGHT_CURSE | TELEPORT | EASY_KNOW,14-20,0-0,-14--20,no
ring,139,6,Slow Digestion,5,5/1,250,250,SLOW_DIGEST | EASY_KNOW,14-20,75-113,61-93,maybe
ring,142,7,Feather Falling,5,5/1,250,200,FEATHER | EASY_KNOW,14-20,60-90,46-70,no
ring,145,2,Weakness,5,5/1,250,0,LIGHT_CURSE | STR | HIDE_TYPE,14-20,0-0,-14--20,no
ring,150,3,Stupidity,5,5/1,250,0,LIGHT_CURSE | INT | HIDE_TYPE,14-20,0-0,-14--20,no
ring,154,1,Aggravate Monster,5,5/1,250,0,LIGHT_CURSE | AGGRAVATE | EASY_KNOW,14-20,0-0,-14--20,no
ring,140,8,Resist Fire,10,10/1,500,250,RES_FIRE | IGNORE_FIRE | EASY_KNOW,14-20,75-113,61-93,maybe
ring,141,9,Resist Cold,10,10/1,500,250,RES_COLD | IGNORE_COLD | EASY_KNOW,14-20,75-113,61-93,maybe
ring,153,16,Protection,10,10/1,500,500,,14-20,150-225,136-205,yes
ring,144,21,Free Action,20,20/1,1000,1500,FREE_ACT | EASY_KNOW,14-20,450-675,436-655,yes
ring,151,29,Damage,20,20/1,1000,500,,14-20,150-225,136-205,yes
ring,152,28,Accuracy,20,20/1,1000,500,,14-20,150-225,136-205,yes
ring,156,10,Sustain Strength,20,20/1,1000,400,SUST_STR | EASY_KNOW,14-20,120-180,106-160,yes
ring,157,11,Sustain Intelligence,20,20/1,1000,400,SUST_INT | EASY_KNOW,14-20,120-180,106-160,yes
ring,158,12,Sustain Wisdom,20,20/1,1000,400,SUST_WIS | EASY_KNOW,14-20,120-180,106-160,yes
ring,159,13,Sustain Constitution,20,20/1,1000,400,SUST_CON | EASY_KNOW,14-20,120-180,106-160,yes
ring,160,14,Sustain Dexterity,20,20/1,1000,400,SUST_DEX | EASY_KNOW,14-20,120-180,106-160,yes
ring,161,15,Sustain Charisma,20,20/1,1000,400,SUST_CHR | EASY_KNOW,14-20,120-180,106-160,yes
ring,132,24,Strength,30,30/1,1500,500,STR | SUST_STR | HIDE_TYPE,14-20,150-225,136-205,yes
ring,133,26,Dexterity,30,30/1,1500,500,DEX | SUST_DEX | HIDE_TYPE,14-20,150-225,136-205,yes
ring,134,27,Constitution,30,30/1,1500,500,CON | SUST_CON | HIDE_TYPE,14-20,150-225,136-205,yes
ring,135,25,Intelligence,30,30/1,1500,500,INT | SUST_INT | HIDE_TYPE,14-20,150-225,136-205,yes
ring,155,22,See Invisible,30,30/1,1500,340,SEE_INVIS | EASY_KNOW,14-20,102-153,88-133,yes
ring,143,20,Resist Poison,40,40/2,2000,16000,RES_POIS | EASY_KNOW,14-20,4800-7200,4786-7180,yes
ring,162,30,Slaying,40,40/1,2000,1000,SHOW_MODS,14-20,300-450,286-430,yes
ring,146,18,Flames,50,50/2,2500,3000,RES_FIRE | IGNORE_FIRE | | ACTIVATE,14-20,900-1350,886-1330,yes
ring,147,17,Acid,50,50/2,2500,3000,RES_ACID | IGNORE_ACID | | ACTIVATE,14-20,900-1350,886-1330,yes
ring,148,19,Ice,50,50/2,2500,3000,RES_COLD | IGNORE_COLD | | ACTIVATE,14-20,900-1350,886-1330,yes
ring,149,0,Woe,50,50/1,2500,0,LIGHT_CURSE | TELEPORT | WIS | CHR | HIDE_TYPE,14-20,0-0,-14--20,no
ring,431,38,Lightning,50,50/2,2500,5000,RES_ELEC | IGNORE_ELEC | ACTIVATE,14-20,1500-2250,1486-2230,yes
ring,506,32,Ring,50,,,65000,INSTA_ART,14-20,19500-29250,19486-29230,yes
ring,507,33,Ring,70,,,150000,INSTA_ART,14-20,45000-67500,44986-67480,yes
ring,508,34,Ring,70,,,100000,INSTA_ART,14-20,30000-45000,29986-44980,yes
ring,136,31,Speed,75,75/1,3750,100000,SPEED | HIDE_TYPE,14-20,30000-45000,29986-44980,yes
ring,509,35,Ring,80,,,200000,INSTA_ART,14-20,60000-90000,59986-89980,yes
ring,510,36,Ring,90,,,300000,INSTA_ART,14-20,90000-135000,89986-134980,yes
ring,511,37,Ring,100,,,5000000,INSTA_ART,14-20,1500000-2250000,1499986-2249980,yes
rod,352,0,Trap Location,5,5/1,250,100,EASY_KNOW,27-41,30-45,3-4,no
rod,356,15,Light,10,10/1,500,500,EASY_KNOW,27-41,150-225,123-184,yes
rod,351,1,Door/Stair Location,15,15/1,750,1000,EASY_KNOW,27-41,300-450,273-409,yes
rod,355,4,Illumination,20,20/1,1000,1000,EASY_KNOW,27-41,300-450,273-409,yes
rod,357,21,Lightning Bolts,20,20/1,1000,2000,EASY_KNOW,27-41,600-900,573-859,yes
rod,358,23,Frost Bolts,25,25/1,1250,2500,EASY_KNOW,27-41,750-1125,723-1084,yes
rod,354,3,Recall,30,30/4,1500,4000,EASY_KNOW | IGNORE_ELEC,27-41,1200-1800,1173-1759,yes
rod,359,22,Fire Bolts,30,30/1,1500,3000,EASY_KNOW,27-41,900-1350,873-1309,yes
rod,361,17,Slow Monster,30,30/1,1500,1500,EASY_KNOW,27-41,450-675,423-634,yes
rod,362,16,Sleep Monster,30,30/1,1500,1500,EASY_KNOW,27-41,450-675,423-634,yes
rod,375,6,Detection,30,30/8,1500,5000,EASY_KNOW | IGNORE_ELEC,27-41,1500-2250,1473-2209,yes
rod,360,19,Polymorph,35,35/1,1750,1200,EASY_KNOW,27-41,360-540,333-499,yes
rod,365,14,Disarming,35,35/1,1750,2100,EASY_KNOW,27-41,630-945,603-904,yes
rod,353,7,Probing,40,40/4,2000,4000,EASY_KNOW,27-41,1200-1800,1173-1759,yes
rod,370,20,Acid Bolts,40,40/1,2000,3500,EASY_KNOW,27-41,1050-1575,1023-1534,yes
rod,364,13,Teleport Other,45,45/2,2250,1400,EASY_KNOW,27-41,420-630,393-589,yes
rod,372,2,Perception,50,50/8,2500,13000,EASY_KNOW | IGNORE_ELEC,27-41,3900-5850,3873-5809,yes
rod,366,25,Lightning Balls,55,55/1,2750,4000,EASY_KNOW,27-41,1200-1800,1173-1759,yes
rod,367,27,Cold Balls,60,60/1,3000,4500,EASY_KNOW,27-41,1350-2025,1323-1984,yes
rod,371,5,Enlightenment,65,65/4,3250,10000,EASY_KNOW,27-41,3000-4500,2973-4459,yes
rod,373,8,Curing,65,65/8,3250,15000,EASY_KNOW | IGNORE_ELEC,27-41,4500-6750,4473-6709,yes
rod,369,24,Acid Balls,70,70/1,3500,5500,EASY_KNOW,27-41,1650-2475,1623-2434,yes
rod,363,18,Drain Life,75,75/4,3750,3600,EASY_KNOW,27-41,1080-1620,1053-1579,yes
rod,368,26,Fire Balls,75,75/1,3750,5000,EASY_KNOW,27-41,1500-2250,1473-2209,yes
rod,374,9,Healing,80,80/8,4000,20000,EASY_KNOW | IGNORE_ELEC,27-41,6000-9000,5973-8959,yes
rod,376,10,Restoration,80,80/16,4000,25000,EASY_KNOW | IGNORE_ELEC,27-41,7500-11250,7473-11209,yes
rod,377,11,Speed,95,95/16,4750,50000,EASY_KNOW | IGNORE_ELEC,27-41,15000-22500,14973-22459,yes
scroll,181,24,Light,0,0/1:3/1:10/1,0,15,EASY_KNOW,8-9,6-7,-2--2,no
scroll,192,26,Treasure Detection,0,0/1,0,15,EASY_KNOW,8-9,6-7,-2--2,no
scroll,193,27,Object Detection,0,0/1,0,15,EASY_KNOW,8-9,6-7,-2--2,no
scroll,176,12,Identify,1,1/1:5/1:10/1:30/1,50,50,EASY_KNOW,8-9,20-23,12-14,no
scroll,184,4,Summon Monster,1,1/1,50,0,EASY_KNOW,8-9,0-0,-8--9,no
scroll,185,8,Phase Door,1,1/1,50,15,EASY_KNOW,8-9,6-7,-2--2,no
scroll,201,30,Detect Invisible,1,1/1,50,15,EASY_KNOW,8-9,6-7,-2--2,no
scroll,208,0,Darkness,1,1/1,50,0,EASY_KNOW,8-9,0-0,-8--9,no
scroll,217,33,Blessing,1,1/1,50,15,EASY_KNOW,8-9,6-7,-2--2,no
scroll,188,36,Monster Confusion,5,5/1,250,30,EASY_KNOW,8-9,12-14,4-5,no
scroll,189,25,Magic Mapping,5,5/1,250,40,EASY_KNOW,8-9,16-18,8-9,no
scroll,194,28,Trap Detection,5,5/1:10/1,250,35,EASY_KNOW,8-9,14-16,6-7,no
scroll,197,29,Door/Stair Location,5,5/1:10/1:15/1,250,35,EASY_KNOW,8-9,14-16,6-7,no
scroll,202,1,Aggravate Monster,5,5/1,250,0,EASY_KNOW,8-9,0-0,-8--9,no
scroll,210,32,Satisfy Hunger,5,5/1,250,10,EASY_KNOW,8-9,4-5,-4--4,no
scroll,220,11,Word of Recall,5,5/1,250,150,EASY_KNOW,8-9,59-69,51-60,no
scroll,180,14,Remove Curse,10,10/1,500,100,EASY_KNOW,8-9,39-46,31-37,no
scroll,186,9,Teleportation,10,10/1,500,40,EASY_KNOW,8-9,16-18,8-9,no
scroll,203,7,Trap Creation,10,10/1,500,0,EASY_KNOW,8-9,0-0,-8--9,no
scroll,204,39,Trap/Door Destruction,10,10/1,500,50,EASY_KNOW,8-9,20-23,12-14,no
scroll,218,34,Holy Chant,10,10/1,500,40,EASY_KNOW,8-9,16-18,8-9,no
scroll,173,17,Enchant Weapon To-Hit,15,15/1,750,125,EASY_KNOW,8-9,49-58,41-49,no
scroll,174,18,Enchant Weapon To-Dam,15,15/1,750,125,EASY_KNOW,8-9,49-58,41-49,no
scroll,175,16,Enchant Armor,15,15/1,750,125,EASY_KNOW,8-9,49-58,41-49,no
scroll,216,5,Summon Undead,15,15/1,750,0,EASY_KNOW,8-9,0-0,-8--9,no
scroll,178,48,Life,20,20/1,1000,500,EASY_KNOW,8-9,195-230,187-221,yes
scroll,187,10,Teleport Level,20,20/1,1000,50,EASY_KNOW,8-9,20-23,12-14,no
scroll,198,46,Acquirement,20,20/8,1000,100000,EASY_KNOW,8-9,39000-46000,38992-45991,yes
scroll,219,35,Holy Prayer,25,25/1,1250,80,EASY_KNOW,8-9,31-37,23-28,no
scroll,177,13,*Identify*,30,25/1:40/1:70/1,1250,1000,EASY_KNOW,8-9,390-460,382-451,yes
scroll,209,37,Protection from Evil,30,30/1,1500,50,EASY_KNOW,8-9,20-23,12-14,no
scroll,206,22,Recharging,40,40/1,2000,200,EASY_KNOW,8-9,78-92,70-83,maybe
scroll,207,44,Banishment,40,40/4:80/2,2000,750,EASY_KNOW,8-9,293-345,285-336,yes
scroll,211,42,Dispel Undead,40,40/1,2000,200,EASY_KNOW,8-9,78-92,70-83,maybe
scroll,221,41,*Destruction*,40,40/1,2000,250,EASY_KNOW,8-9,98-115,90-106,yes
scroll,191,15,*Remove Curse*,50,50/2:95/1,2500,8000,EASY_KNOW,8-9,3120-3680,3112-3671,yes
scroll,200,45,Mass Banishment,50,50/4:95/4,2500,1000,EASY_KNOW,8-9,390-460,382-451,yes
scroll,212,21,*Enchant Weapon*,50,50/1,2500,500,EASY_KNOW,8-9,195-230,187-221,yes
scroll,213,3,Curse Weapon,50,50/1,2500,0,EASY_KNOW,8-9,0-0,-8--9,no
scroll,214,20,*Enchant Armor*,50,50/1:50/1,2500,500,EASY_KNOW,8-9,195-230,187-221,yes
scroll,215,2,Curse Armor,50,50/1,2500,0,EASY_KNOW,8-9,0-0,-8--9,no
scroll,190,38,Rune of Protection,60,60/4:90/1,3000,500,EASY_KNOW,8-9,195-230,187-221,yes
scroll,199,47,*Acquirement*,60,60/16,3000,200000,EASY_KNOW,8-9,78000-92000,77992-91991,yes
scroll,179,6,Artifact Creation,99,,,1000000,,8-9,390000-460000,389992-459991,yes
scroll,182,49,House Creation,99,99/40,4950,1000000,EASY_KNOW,8-9,390000-460000,389992-459991,yes
staff,301,10,Treasure Location,5,5/1,250,200,,21-32,60-90,39-58,no
staff,302,11,Object Location,5,5/1,250,200,,21-32,60-90,39-58,no
staff,306,8,Light,5,5/1,250,250,,21-32,75-113,54-81,maybe
staff,312,16,Cure Light Wounds,5,5/1,250,350,,21-32,105-158,84-126,yes
staff,313,14,Detect Invisible,5,5/1,250,200,,21-32,60-90,39-58,no
staff,322,0,Darkness,5,5/1:50/1,250,0,,21-32,0-0,-21--32,no
staff,300,12,Trap Location,10,10/1,500,350,,21-32,105-158,84-126,yes
staff,305,3,Summoning,10,10/1:50/1,500,0,,21-32,0-0,-21--32,no
staff,309,2,Haste Monsters,10,10/1,500,0,,21-32,0-0,-21--32,no
staff,310,21,Slow Monsters,10,10/1,500,800,,21-32,240-360,219-328,yes
staff,311,20,Sleep Monsters,10,10/1,500,700,,21-32,210-315,189-283,yes
staff,316,13,Door/Stair Location,10,10/1,500,350,,21-32,105-158,84-126,yes
staff,326,5,Perception,10,10/1,500,400,,21-32,120-180,99-148,yes
staff,303,4,Teleportation,20,20/1,1000,2000,,21-32,600-900,579-868,yes
staff,308,7,Starlight,20,20/1,1000,800,,21-32,240-360,219-328,yes
staff,318,15,Detect Evil,20,20/1,1000,350,,21-32,105-158,84-126,yes
staff,328,9,Enlightenment,20,20/1,1000,750,,21-32,225-338,204-306,yes
staff,319,17,Curing,25,25/1,1250,1000,,21-32,300-450,279-418,yes
staff,321,23,Probing,30,30/1,1500,2000,,21-32,600-900,579-868,yes
staff,304,28,Earthquakes,40,40/1,2000,350,,21-32,105-158,84-126,yes
staff,314,22,Speed,40,40/1,2000,1000,,21-32,300-450,279-418,yes
staff,315,1,Slowness,40,40/1,2000,0,,21-32,0-0,-21--32,no
staff,317,6,Remove Curse,40,40/1,2000,500,,21-32,150-225,129-193,yes
staff,307,29,*Destruction*,50,50/1:70/1,2500,2500,,21-32,750-1125,729-1093,yes
staff,320,24,Dispel Evil,50,50/1,2500,1200,,21-32,360-540,339-508,yes
staff,323,27,Banishment,70,70/4,3500,3500,,21-32,1050-1575,1029-1543,yes
staff,324,25,Power,70,70/2,3500,4000,,21-32,1200-1800,1179-1768,yes
staff,325,19,the Magi,70,70/2,3500,4500,,21-32,1350-2025,1329-1993,yes
staff,327,26,Holiness,70,70/2,3500,4500,,21-32,1350-2025,1329-1993,yes
staff,329,18,Healing,70,70/2,3500,5000,,21-32,1500-2250,1479-2218,yes
wand,269,7,Light,3,3/1,150,200,,15-23,60-90,45-67,no
wand,275,0,Heal Monster,3,3/1,150,0,,15-23,0-0,-15--23,no
wand,276,1,Haste Monster,3,3/1,150,0,,15-23,0-0,-15--23,no
wand,282,15,Magic Missile,3,3/1,150,200,,15-23,60-90,45-67,no
wand,292,24,Wonder,3,3/1,150,250,IGNORE_ACID | IGNORE_ELEC | IGNORE_FIRE | IGNORE_COLD,15-23,75-113,60-90,maybe
wand,277,9,Slow Monster,5,5/1,250,500,,15-23,150-225,135-202,yes
wand,278,10,Confuse Monster,5,5/1,250,500,,15-23,150-225,135-202,yes
wand,279,8,Sleep Monster,5,5/1,250,500,,15-23,150-225,135-202,yes
wand,290,14,Stinking Cloud,5,5/1,250,400,,15-23,120-180,105-157,yes
wand,273,6,Stone to Mud,10,10/1,500,300,,15-23,90-135,75-112,maybe
wand,281,5,Trap/Door Destruction,10,10/1,500,100,,15-23,30-45,15-22,no
wand,284,11,Scare Monster,10,10/4,500,500,,15-23,150-225,135-202,yes
wand,270,17,Lightning Bolts,15,15/1,750,600,,15-23,180-270,165-247,yes
wand,283,2,Clone Monster,15,15/1:50/1,750,0,,15-23,0-0,-15--23,no
wand,271,19,Frost Bolts,20,20/1,1000,800,,15-23,240-360,225-337,yes
wand,274,13,Polymorph,20,20/1,1000,400,,15-23,120-180,105-157,yes
wand,285,3,Teleport Other,20,20/1,1000,350,,15-23,105-158,90-135,yes
wand,286,4,Disarming,20,20/1,1000,700,,15-23,210-315,195-292,yes
wand,272,18,Fire Bolts,30,30/1,1500,1000,,15-23,300-450,285-427,yes
wand,294,16,Acid Bolts,30,30/1,1500,950,,15-23,285-428,270-405,yes
wand,287,21,Lightning Balls,35,35/1,1750,1200,IGNORE_ELEC,15-23,360-540,345-517,yes
wand,288,23,Cold Balls,40,40/1,2000,1500,IGNORE_COLD,15-23,450-675,435-652,yes
wand,280,12,Drain Life,50,50/1,2500,1200,,15-23,360-540,345-517,yes
wand,289,22,Fire Balls,50,50/1,2500,1800,IGNORE_FIRE,15-23,540-810,525-787,yes
wand,291,20,Acid Balls,50,50/1,2500,1650,IGNORE_ACID,15-23,495-743,480-720,yes
wand,295,26,Dragon's Flame,50,50/4,2500,2400,IGNORE_ACID | IGNORE_ELEC | IGNORE_FIRE | IGNORE_COLD,15-23,720-1080,705-1057,yes
wand,296,27,Dragon's Frost,50,50/4,2500,2400,IGNORE_ACID | IGNORE_ELEC | IGNORE_FIRE | IGNORE_COLD,15-23,720-1080,705-1057,yes
wand,297,28,Dragon's Breath,60,60/4,3000,2400,IGNORE_ACID | IGNORE_ELEC | IGNORE_FIRE | IGNORE_COLD,15-23,720-1080,705-1057,yes
wand,298,25,Annihilation,60,60/4,3000,3000,IGNORE_ACID | IGNORE_ELEC | IGNORE_FIRE | IGNORE_COLD,15-23,900-1350,885-1327,yes
