id,file,line,function,call,format,args,msg_type
420,melee1.c,292,make_attack_normal,msg_format,%^s is repelled.,"(p_ptr, """", m_name)",
421,melee1.c,480,make_attack_normal,msg_format,%^s %s,"(p_ptr, """", m_name, act)",
422,melee1.c,579,make_attack_normal,msg_print,Energy drains from your pack!,"(p_ptr, """")",
423,melee1.c,623,make_attack_normal,msg_print,You quickly protect your money pouch!,"(p_ptr, """")",
424,melee1.c,639,make_attack_normal,msg_print,Nothing was stolen.,"(p_ptr, """")",
425,melee1.c,643,make_attack_normal,msg_print,Your purse feels lighter.,"(p_ptr, """")",
426,melee1.c,644,make_attack_normal,msg_format,%ld coins were stolen!,"(p_ptr, """", (long)gold)",
427,melee1.c,648,make_attack_normal,msg_print,Your purse feels lighter.,"(p_ptr, """")",
428,melee1.c,649,make_attack_normal,msg_print,All of your coins were stolen!,"(p_ptr, """")",
429,melee1.c,676,make_attack_normal,msg_print,You grab hold of your backpack!,"(p_ptr, """")",
430,melee1.c,726,make_attack_normal,msg_format,%sour %s (%c) was stolen!One of yY,"(p_ptr, """", ((o_ptr->number > 1) ? """" : """"), o_name, index_to_label(i))",
431,melee1.c,777,make_attack_normal,msg_format,%sour %s (%c) was eaten!One of yY,"(p_ptr, """", ((o_ptr->number > 1) ? """" : """"), o_name, index_to_label(i))",
432,melee1.c,813,make_attack_normal,msg_print,Your light dims.,"(p_ptr, """")",
433,melee1.c,830,make_attack_normal,msg_print,You are covered in acid!,"(p_ptr, """")",
434,melee1.c,847,make_attack_normal,msg_print,You are struck by electricity!,"(p_ptr, """")",
435,melee1.c,864,make_attack_normal,msg_print,You are enveloped in flames!,"(p_ptr, """")",
436,melee1.c,881,make_attack_normal,msg_print,You are covered with frost!,"(p_ptr, """")",
437,melee1.c,940,make_attack_normal,msg_print,You stand your ground!,"(p_ptr, """")",
438,melee1.c,945,make_attack_normal,msg_print,You stand your ground!,"(p_ptr, """")",
439,melee1.c,970,make_attack_normal,msg_print,You are unaffected!,"(p_ptr, """")",
440,melee1.c,975,make_attack_normal,msg_print,You resist the effects!,"(p_ptr, """")",
441,melee1.c,1104,make_attack_normal,msg_print,You keep hold of your life force!,"(p_ptr, """")",
442,melee1.c,1111,make_attack_normal,msg_print,You feel your life slipping away!,"(p_ptr, """")",
443,melee1.c,1116,make_attack_normal,msg_print,You feel your life draining away!,"(p_ptr, """")",
444,melee1.c,1133,make_attack_normal,msg_print,You keep hold of your life force!,"(p_ptr, """")",
445,melee1.c,1140,make_attack_normal,msg_print,You feel your life slipping away!,"(p_ptr, """")",
446,melee1.c,1145,make_attack_normal,msg_print,You feel your life draining away!,"(p_ptr, """")",
447,melee1.c,1162,make_attack_normal,msg_print,You keep hold of your life force!,"(p_ptr, """")",
448,melee1.c,1169,make_attack_normal,msg_print,You feel your life slipping away!,"(p_ptr, """")",
449,melee1.c,1174,make_attack_normal,msg_print,You feel your life draining away!,"(p_ptr, """")",
450,melee1.c,1191,make_attack_normal,msg_print,You keep hold of your life force!,"(p_ptr, """")",
451,melee1.c,1198,make_attack_normal,msg_print,You feel your life slipping away!,"(p_ptr, """")",
452,melee1.c,1203,make_attack_normal,msg_print,You feel your life draining away!,"(p_ptr, """")",
453,melee1.c,1320,make_attack_normal,msg_format,%^s misses you.,"(p_ptr, """", m_name)",
454,melee1.c,1349,make_attack_normal,msg_print,There is a puff of smoke!,"(p_ptr, """")",
455,melee1.c,1354,make_attack_normal,msg_format,%^s blinks away.,"(p_ptr, """", m_name)",
456,melee2.c,570,make_attack_spell,msg_format,%^s makes a high pitched shriek.,"(p_ptr, """", m_name)",
457,melee2.c,598,make_attack_spell,msg_format,%^s makes a strange noise.,"(p_ptr, """", m_name)",
458,melee2.c,599,make_attack_spell,msg_format,%^s fires an arrow.,"(p_ptr, """", m_name)",
459,melee2.c,608,make_attack_spell,msg_format,%^s makes a strange noise.,"(p_ptr, """", m_name)",
460,melee2.c,609,make_attack_spell,msg_format,%^s fires an arrow!,"(p_ptr, """", m_name)",
461,melee2.c,618,make_attack_spell,msg_format,%^s makes a strange noise.,"(p_ptr, """", m_name)",
462,melee2.c,619,make_attack_spell,msg_format,%^s fires a missile.,"(p_ptr, """", m_name)",
463,melee2.c,628,make_attack_spell,msg_format,%^s makes a strange noise.,"(p_ptr, """", m_name)",
464,melee2.c,629,make_attack_spell,msg_format,%^s fires a missile!,"(p_ptr, """", m_name)",
465,melee2.c,639,make_attack_spell,msg_format,%^s breathes.,"(p_ptr, """", m_name)",
466,melee2.c,640,make_attack_spell,msg_format,%^s breathes acid.,"(p_ptr, """", m_name)",
467,melee2.c,652,make_attack_spell,msg_format,%^s breathes.,"(p_ptr, """", m_name)",
468,melee2.c,653,make_attack_spell,msg_format,%^s breathes lightning.,"(p_ptr, """", m_name)",
469,melee2.c,665,make_attack_spell,msg_format,%^s breathes.,"(p_ptr, """", m_name)",
470,melee2.c,666,make_attack_spell,msg_format,%^s breathes fire.,"(p_ptr, """", m_name)",
471,melee2.c,678,make_attack_spell,msg_format,%^s breathes.,"(p_ptr, """", m_name)",
472,melee2.c,679,make_attack_spell,msg_format,%^s breathes frost.,"(p_ptr, """", m_name)",
473,melee2.c,691,make_attack_spell,msg_format,%^s breathes.,"(p_ptr, """", m_name)",
474,melee2.c,692,make_attack_spell,msg_format,%^s breathes gas.,"(p_ptr, """", m_name)",
475,melee2.c,704,make_attack_spell,msg_format,%^s breathes.,"(p_ptr, """", m_name)",
476,melee2.c,705,make_attack_spell,msg_format,%^s breathes nether.,"(p_ptr, """", m_name)",
477,melee2.c,717,make_attack_spell,msg_format,%^s breathes.,"(p_ptr, """", m_name)",
478,melee2.c,718,make_attack_spell,msg_format,%^s breathes light.,"(p_ptr, """", m_name)",
479,melee2.c,730,make_attack_spell,msg_format,%^s breathes.,"(p_ptr, """", m_name)",
480,melee2.c,731,make_attack_spell,msg_format,%^s breathes darkness.,"(p_ptr, """", m_name)",
481,melee2.c,743,make_attack_spell,msg_format,%^s breathes.,"(p_ptr, """", m_name)",
482,melee2.c,744,make_attack_spell,msg_format,%^s breathes confusion.,"(p_ptr, """", m_name)",
483,melee2.c,756,make_attack_spell,msg_format,%^s breathes.,"(p_ptr, """", m_name)",
484,melee2.c,757,make_attack_spell,msg_format,%^s breathes sound.,"(p_ptr, """", m_name)",
485,melee2.c,769,make_attack_spell,msg_format,%^s breathes.,"(p_ptr, """", m_name)",
486,melee2.c,770,make_attack_spell,msg_format,%^s breathes chaos.,"(p_ptr, """", m_name)",
487,melee2.c,782,make_attack_spell,msg_format,%^s breathes.,"(p_ptr, """", m_name)",
488,melee2.c,783,make_attack_spell,msg_format,%^s breathes disenchantment.,"(p_ptr, """", m_name)",
489,melee2.c,795,make_attack_spell,msg_format,%^s breathes.,"(p_ptr, """", m_name)",
490,melee2.c,796,make_attack_spell,msg_format,%^s breathes nexus.,"(p_ptr, """", m_name)",
491,melee2.c,808,make_attack_spell,msg_format,%^s breathes.,"(p_ptr, """", m_name)",
492,melee2.c,809,make_attack_spell,msg_format,%^s breathes time.,"(p_ptr, """", m_name)",
493,melee2.c,820,make_attack_spell,msg_format,%^s breathes.,"(p_ptr, """", m_name)",
494,melee2.c,821,make_attack_spell,msg_format,%^s breathes inertia.,"(p_ptr, """", m_name)",
495,melee2.c,832,make_attack_spell,msg_format,%^s breathes.,"(p_ptr, """", m_name)",
496,melee2.c,833,make_attack_spell,msg_format,%^s breathes gravity.,"(p_ptr, """", m_name)",
497,melee2.c,844,make_attack_spell,msg_format,%^s breathes.,"(p_ptr, """", m_name)",
498,melee2.c,845,make_attack_spell,msg_format,%^s breathes shards.,"(p_ptr, """", m_name)",
499,melee2.c,857,make_attack_spell,msg_format,%^s breathes.,"(p_ptr, """", m_name)",
500,melee2.c,858,make_attack_spell,msg_format,%^s breathes plasma.,"(p_ptr, """", m_name)",
501,melee2.c,869,make_attack_spell,msg_format,%^s breathes.,"(p_ptr, """", m_name)",
502,melee2.c,870,make_attack_spell,msg_format,%^s breathes force.,"(p_ptr, """", m_name)",
503,melee2.c,905,make_attack_spell,msg_format,You hear something grunt with exertion.,"(p_ptr, """", m_name)",
504,melee2.c,906,make_attack_spell,msg_format,%^s hurls a boulder at you!,"(p_ptr, """", m_name)",
505,melee2.c,917,make_attack_spell,msg_format,%^s mumbles.,"(p_ptr, """", m_name)",
506,melee2.c,918,make_attack_spell,msg_format,%^s casts an acid ball.,"(p_ptr, """", m_name)",
507,melee2.c,929,make_attack_spell,msg_format,%^s mumbles.,"(p_ptr, """", m_name)",
508,melee2.c,930,make_attack_spell,msg_format,%^s casts a lightning ball.,"(p_ptr, """", m_name)",
509,melee2.c,941,make_attack_spell,msg_format,%^s mumbles.,"(p_ptr, """", m_name)",
510,melee2.c,942,make_attack_spell,msg_format,%^s casts a fire ball.,"(p_ptr, """", m_name)",
511,melee2.c,953,make_attack_spell,msg_format,%^s mumbles.,"(p_ptr, """", m_name)",
512,melee2.c,954,make_attack_spell,msg_format,%^s casts a frost ball.,"(p_ptr, """", m_name)",
513,melee2.c,965,make_attack_spell,msg_format,%^s mumbles.,"(p_ptr, """", m_name)",
514,melee2.c,966,make_attack_spell,msg_format,%^s casts a stinking cloud.,"(p_ptr, """", m_name)",
515,melee2.c,977,make_attack_spell,msg_format,%^s mumbles.,"(p_ptr, """", m_name)",
516,melee2.c,978,make_attack_spell,msg_format,%^s casts a nether ball.,"(p_ptr, """", m_name)",
517,melee2.c,989,make_attack_spell,msg_format,%^s mumbles.,"(p_ptr, """", m_name)",
518,melee2.c,990,make_attack_spell,msg_format,%^s gestures fluidly.,"(p_ptr, """", m_name)",
519,melee2.c,991,make_attack_spell,msg_print,You are engulfed in a whirlpool.,"(p_ptr, """")",
520,melee2.c,1006,make_attack_spell,msg_format,%^s mumbles powerfully.,"(p_ptr, """", m_name)",
521,melee2.c,1007,make_attack_spell,msg_format,%^s invokes a mana storm.,"(p_ptr, """", m_name)",
522,melee2.c,1017,make_attack_spell,msg_format,%^s mumbles powerfully.,"(p_ptr, """", m_name)",
523,melee2.c,1018,make_attack_spell,msg_format,%^s invokes a darkness storm.,"(p_ptr, """", m_name)",
524,melee2.c,1037,make_attack_spell,msg_format,%^s draws psychic energy from you!,"(p_ptr, """", m_name)",
525,melee2.c,1075,make_attack_spell,msg_format,%^s appears healthier.,"(p_ptr, """", m_name)",
526,melee2.c,1090,make_attack_spell,msg_print,You feel something focusing on your mind.,"(p_ptr, """")",
527,melee2.c,1094,make_attack_spell,msg_format,%^s gazes deep into your eyes.,"(p_ptr, """", m_name)",
528,melee2.c,1099,make_attack_spell,msg_print,You resist the effects!,"(p_ptr, """")",
529,melee2.c,1103,make_attack_spell,msg_print,Your mind is blasted by psionic energy.,"(p_ptr, """")",
530,melee2.c,1120,make_attack_spell,msg_print,You feel something focusing on your mind.,"(p_ptr, """")",
531,melee2.c,1124,make_attack_spell,msg_format,%^s looks deep into your eyes.,"(p_ptr, """", m_name)",
532,melee2.c,1128,make_attack_spell,msg_print,You resist the effects!,"(p_ptr, """")",
533,melee2.c,1132,make_attack_spell,msg_print,Your mind is blasted by psionic energy.,"(p_ptr, """")",
534,melee2.c,1156,make_attack_spell,msg_format,%^s mumbles.,"(p_ptr, """", m_name)",
535,melee2.c,1157,make_attack_spell,msg_format,%^s points at you and curses.,"(p_ptr, """", m_name)",
536,melee2.c,1160,make_attack_spell,msg_print,You resist the effects!,"(p_ptr, """")",
537,melee2.c,1174,make_attack_spell,msg_format,%^s mumbles.,"(p_ptr, """", m_name)",
538,melee2.c,1175,make_attack_spell,msg_format,%^s points at you and curses horribly.,"(p_ptr, """", m_name)",
539,melee2.c,1178,make_attack_spell,msg_print,You resist the effects!,"(p_ptr, """")",
540,melee2.c,1192,make_attack_spell,msg_format,%^s mumbles loudly.,"(p_ptr, """", m_name)",
541,melee2.c,1193,make_attack_spell,msg_format,"%^s points at you, incanting terribly!","(p_ptr, """", m_name)",
542,melee2.c,1196,make_attack_spell,msg_print,You resist the effects!,"(p_ptr, """")",
543,melee2.c,1210,make_attack_spell,msg_format,%^s screams the word 'DIE!',"(p_ptr, """", m_name)",
544,melee2.c,1211,make_attack_spell,msg_format,"%^s points at you, screaming the word DIE!","(p_ptr, """", m_name)",
545,melee2.c,1214,make_attack_spell,msg_print,You resist the effects!,"(p_ptr, """")",
546,melee2.c,1228,make_attack_spell,msg_format,%^s mumbles.,"(p_ptr, """", m_name)",
547,melee2.c,1229,make_attack_spell,msg_format,%^s casts a acid bolt.,"(p_ptr, """", m_name)",
548,melee2.c,1240,make_attack_spell,msg_format,%^s mumbles.,"(p_ptr, """", m_name)",
549,melee2.c,1241,make_attack_spell,msg_format,%^s casts a lightning bolt.,"(p_ptr, """", m_name)",
550,melee2.c,1252,make_attack_spell,msg_format,%^s mumbles.,"(p_ptr, """", m_name)",
551,melee2.c,1253,make_attack_spell,msg_format,%^s casts a fire bolt.,"(p_ptr, """", m_name)",
552,melee2.c,1264,make_attack_spell,msg_format,%^s mumbles.,"(p_ptr, """", m_name)",
553,melee2.c,1265,make_attack_spell,msg_format,%^s casts a frost bolt.,"(p_ptr, """", m_name)",
554,melee2.c,1283,make_attack_spell,msg_format,%^s mumbles.,"(p_ptr, """", m_name)",
555,melee2.c,1284,make_attack_spell,msg_format,%^s casts a nether bolt.,"(p_ptr, """", m_name)",
556,melee2.c,1295,make_attack_spell,msg_format,%^s mumbles.,"(p_ptr, """", m_name)",
557,melee2.c,1296,make_attack_spell,msg_format,%^s casts a water bolt.,"(p_ptr, """", m_name)",
558,melee2.c,1306,make_attack_spell,msg_format,%^s mumbles.,"(p_ptr, """", m_name)",
559,melee2.c,1307,make_attack_spell,msg_format,%^s casts a mana bolt.,"(p_ptr, """", m_name)",
560,melee2.c,1317,make_attack_spell,msg_format,%^s mumbles.,"(p_ptr, """", m_name)",
561,melee2.c,1318,make_attack_spell,msg_format,%^s casts a plasma bolt.,"(p_ptr, """", m_name)",
562,melee2.c,1328,make_attack_spell,msg_format,%^s mumbles.,"(p_ptr, """", m_name)",
563,melee2.c,1329,make_attack_spell,msg_format,%^s casts an ice bolt.,"(p_ptr, """", m_name)",
564,melee2.c,1340,make_attack_spell,msg_format,%^s mumbles.,"(p_ptr, """", m_name)",
565,melee2.c,1341,make_attack_spell,msg_format,%^s casts a magic missile.,"(p_ptr, """", m_name)",
566,melee2.c,1353,make_attack_spell,msg_format,"%^s mumbles, and you hear scary noises.","(p_ptr, """", m_name)",
567,melee2.c,1354,make_attack_spell,msg_format,%^s casts a fearful illusion.,"(p_ptr, """", m_name)",
568,melee2.c,1357,make_attack_spell,msg_print,You refuse to be frightened.,"(p_ptr, """")",
569,melee2.c,1361,make_attack_spell,msg_print,You refuse to be frightened.,"(p_ptr, """")",
570,melee2.c,1376,make_attack_spell,msg_format,%^s mumbles.,"(p_ptr, """", m_name)",
571,melee2.c,1377,make_attack_spell,msg_format,"%^s casts a spell, burning your eyes!","(p_ptr, """", m_name)",
572,melee2.c,1380,make_attack_spell,msg_print,You are unaffected!,"(p_ptr, """")",
573,melee2.c,1384,make_attack_spell,msg_print,You resist the effects!,"(p_ptr, """")",
574,melee2.c,1399,make_attack_spell,msg_format,"%^s mumbles, and you hear puzzling noises.","(p_ptr, """", m_name)",
575,melee2.c,1400,make_attack_spell,msg_format,%^s creates a mesmerising illusion.,"(p_ptr, """", m_name)",
576,melee2.c,1403,make_attack_spell,msg_print,You disbelieve the feeble spell.,"(p_ptr, """")",
577,melee2.c,1407,make_attack_spell,msg_print,You disbelieve the feeble spell.,"(p_ptr, """")",
578,melee2.c,1422,make_attack_spell,msg_format,%^s drains power from your muscles!,"(p_ptr, """", m_name)",
579,melee2.c,1425,make_attack_spell,msg_print,You are unaffected!,"(p_ptr, """")",
580,melee2.c,1429,make_attack_spell,msg_print,You resist the effects!,"(p_ptr, """")",
581,melee2.c,1444,make_attack_spell,msg_format,%^s mumbles.,"(p_ptr, """", m_name)",
582,melee2.c,1445,make_attack_spell,msg_format,%^s stares deep into your eyes!,"(p_ptr, """", m_name)",
583,melee2.c,1448,make_attack_spell,msg_print,You are unaffected!,"(p_ptr, """")",
584,melee2.c,1452,make_attack_spell,msg_format,You resist the effects!,"(p_ptr, """")",
585,melee2.c,1470,make_attack_spell,msg_format,%^s mumbles.,"(p_ptr, """", m_name)",
586,melee2.c,1474,make_attack_spell,msg_format,%^s concentrates on %s body.,"(p_ptr, """", m_name, m_poss)",
587,melee2.c,1480,make_attack_spell,msg_format,%^s starts moving faster.,"(p_ptr, """", m_name)",
588,melee2.c,1487,make_attack_spell,msg_format,%^s starts moving faster.,"(p_ptr, """", m_name)",
589,melee2.c,1511,make_attack_spell,msg_format,%^s mumbles.,"(p_ptr, """", m_name)",
590,melee2.c,1515,make_attack_spell,msg_format,%^s concentrates on %s wounds.,"(p_ptr, """", m_name, m_poss)",
591,melee2.c,1530,make_attack_spell,msg_format,%^s looks REALLY healthy!,"(p_ptr, """", m_name)",
592,melee2.c,1534,make_attack_spell,msg_format,%^s sounds REALLY healthy!,"(p_ptr, """", m_name)",
593,melee2.c,1544,make_attack_spell,msg_format,%^s looks healthier.,"(p_ptr, """", m_name)",
594,melee2.c,1548,make_attack_spell,msg_format,%^s sounds healthier.,"(p_ptr, """", m_name)",
595,melee2.c,1562,make_attack_spell,msg_format,%^s recovers %s courage.,"(p_ptr, """", m_name, m_poss)",
596,melee2.c,1578,make_attack_spell,msg_format,%^s blinks away.,"(p_ptr, """", m_name)",
597,melee2.c,1587,make_attack_spell,msg_format,%^s teleports away.,"(p_ptr, """", m_name)",
598,melee2.c,1609,make_attack_spell,msg_format,%^s commands you to return.,"(p_ptr, """", m_name)",
599,melee2.c,1619,make_attack_spell,msg_format,%^s teleports you away.,"(p_ptr, """", m_name)",
600,melee2.c,1633,make_attack_spell,msg_format,%^s mumbles strangely.,"(p_ptr, """", m_name)",
601,melee2.c,1634,make_attack_spell,msg_format,%^s gestures at your feet.,"(p_ptr, """", m_name)",
602,melee2.c,1637,make_attack_spell,msg_print,You are unaffected!,"(p_ptr, """")",
603,melee2.c,1641,make_attack_spell,msg_print,You resist the effects!,"(p_ptr, """")",
604,melee2.c,1662,make_attack_spell,msg_format,%^s mumbles.,"(p_ptr, """", m_name)",
605,melee2.c,1663,make_attack_spell,msg_format,%^s gestures in shadow.,"(p_ptr, """", m_name)",
606,melee2.c,1674,make_attack_spell,msg_format,"%^s mumbles, and then cackles evilly.","(p_ptr, """", m_name)",
607,melee2.c,1675,make_attack_spell,msg_format,%^s casts a spell and cackles evilly.,"(p_ptr, """", m_name)",
608,melee2.c,1685,make_attack_spell,msg_format,%^s tries to blank your mind.,"(p_ptr, """", m_name)",
609,melee2.c,1689,make_attack_spell,msg_print,You resist the effects!,"(p_ptr, """")",
610,melee2.c,1693,make_attack_spell,msg_print,Your memories fade away.,"(p_ptr, """")",
611,melee2.c,1709,make_attack_spell,msg_format,%^s mumbles.,"(p_ptr, """", m_name)",
612,melee2.c,1710,make_attack_spell,msg_format,%^s magically summons %s %s.minionskin,"(p_ptr, """", m_name, m_poss, ((r_ptr->flags1) & RF1_UNIQUE ? """" : """"))",
613,melee2.c,1722,make_attack_spell,msg_print,You hear many things appear nearby.,"(p_ptr, """")",
614,melee2.c,1732,make_attack_spell,msg_format,%^s mumbles.,"(p_ptr, """", m_name)",
615,melee2.c,1733,make_attack_spell,msg_format,%^s magically summons greater demons!,"(p_ptr, """", m_name)",
616,melee2.c,1740,make_attack_spell,msg_print,You hear many evil things appear nearby.,"(p_ptr, """")",
617,melee2.c,1750,make_attack_spell,msg_format,%^s mumbles.,"(p_ptr, """", m_name)",
618,melee2.c,1751,make_attack_spell,msg_format,%^s magically summons help!,"(p_ptr, """", m_name)",
619,melee2.c,1756,make_attack_spell,msg_print,You hear something appear nearby.,"(p_ptr, """")",
620,melee2.c,1765,make_attack_spell,msg_format,%^s mumbles.,"(p_ptr, """", m_name)",
621,melee2.c,1766,make_attack_spell,msg_format,%^s magically summons monsters!,"(p_ptr, """", m_name)",
622,melee2.c,1771,make_attack_spell,msg_print,You hear many things appear nearby.,"(p_ptr, """")",
623,melee2.c,1780,make_attack_spell,msg_format,%^s mumbles.,"(p_ptr, """", m_name)",
624,melee2.c,1781,make_attack_spell,msg_format,%^s magically summons animals.,"(p_ptr, """", m_name)",
625,melee2.c,1786,make_attack_spell,msg_print,You hear many things appear nearby.,"(p_ptr, """")",
626,melee2.c,1795,make_attack_spell,msg_format,%^s mumbles.,"(p_ptr, """", m_name)",
627,melee2.c,1796,make_attack_spell,msg_format,%^s magically summons spiders.,"(p_ptr, """", m_name)",
628,melee2.c,1801,make_attack_spell,msg_print,You hear many things appear nearby.,"(p_ptr, """")",
629,melee2.c,1810,make_attack_spell,msg_format,%^s mumbles.,"(p_ptr, """", m_name)",
630,melee2.c,1811,make_attack_spell,msg_format,%^s magically summons hounds.,"(p_ptr, """", m_name)",
631,melee2.c,1816,make_attack_spell,msg_print,You hear many things appear nearby.,"(p_ptr, """")",
632,melee2.c,1825,make_attack_spell,msg_format,%^s mumbles.,"(p_ptr, """", m_name)",
633,melee2.c,1826,make_attack_spell,msg_format,%^s magically summons hydras.,"(p_ptr, """", m_name)",
634,melee2.c,1831,make_attack_spell,msg_print,You hear many things appear nearby.,"(p_ptr, """")",
635,melee2.c,1840,make_attack_spell,msg_format,%^s mumbles.,"(p_ptr, """", m_name)",
636,melee2.c,1841,make_attack_spell,msg_format,%^s magically summons an angel!,"(p_ptr, """", m_name)",
637,melee2.c,1846,make_attack_spell,msg_print,You hear something appear nearby.,"(p_ptr, """")",
638,melee2.c,1855,make_attack_spell,msg_format,%^s mumbles.,"(p_ptr, """", m_name)",
639,melee2.c,1856,make_attack_spell,msg_format,%^s magically summons a hellish adversary!,"(p_ptr, """", m_name)",
640,melee2.c,1861,make_attack_spell,msg_print,You hear something appear nearby.,"(p_ptr, """")",
641,melee2.c,1870,make_attack_spell,msg_format,%^s mumbles.,"(p_ptr, """", m_name)",
642,melee2.c,1871,make_attack_spell,msg_format,%^s magically summons an undead adversary!,"(p_ptr, """", m_name)",
643,melee2.c,1876,make_attack_spell,msg_print,You hear something appear nearby.,"(p_ptr, """")",
644,melee2.c,1885,make_attack_spell,msg_format,%^s mumbles.,"(p_ptr, """", m_name)",
645,melee2.c,1886,make_attack_spell,msg_format,%^s magically summons a dragon!,"(p_ptr, """", m_name)",
646,melee2.c,1891,make_attack_spell,msg_print,You hear something appear nearby.,"(p_ptr, """")",
647,melee2.c,1900,make_attack_spell,msg_format,%^s mumbles.,"(p_ptr, """", m_name)",
648,melee2.c,1901,make_attack_spell,msg_format,%^s magically summons greater undead!,"(p_ptr, """", m_name)",
649,melee2.c,1908,make_attack_spell,msg_print,You hear many creepy things appear nearby.,"(p_ptr, """")",
650,melee2.c,1918,make_attack_spell,msg_format,%^s mumbles.,"(p_ptr, """", m_name)",
651,melee2.c,1919,make_attack_spell,msg_format,%^s magically summons ancient dragons!,"(p_ptr, """", m_name)",
652,melee2.c,1926,make_attack_spell,msg_print,You hear many powerful things appear nearby.,"(p_ptr, """")",
653,melee2.c,1936,make_attack_spell,msg_format,%^s mumbles.,"(p_ptr, """", m_name)",
654,melee2.c,1937,make_attack_spell,msg_format,%^s magically summons mighty undead opponents!,"(p_ptr, """", m_name)",
655,melee2.c,1948,make_attack_spell,msg_print,You hear many creepy things appear nearby.,"(p_ptr, """")",
656,melee2.c,1958,make_attack_spell,msg_format,%^s mumbles.,"(p_ptr, """", m_name)",
657,melee2.c,1959,make_attack_spell,msg_format,%^s magically summons special opponents!,"(p_ptr, """", m_name)",
658,melee2.c,1970,make_attack_spell,msg_print,You hear many powerful things appear nearby.,"(p_ptr, """")",
659,melee2.c,2549,process_monster,msg_format,%^s wakes up.,"(p_ptr, """", m_name)",
660,melee2.c,2599,process_monster,msg_format,%^s is no longer stunned.,"(p_ptr, """", m_name)",
661,melee2.c,2639,process_monster,msg_format,%^s is no longer confused.,"(p_ptr, """", m_name)",
662,melee2.c,2674,process_monster,msg_format,%^s recovers %s courage.,"(p_ptr, """", m_name, m_poss)",
663,melee2.c,2945,process_monster,msg_print,You hear a door burst open!,"(p_ptr, """")",
664,melee2.c,2998,process_monster,msg_print,The rune of protection is broken!,"(Players[i], """")",
665,melee2.c,3333,process_monster,msg_format,%^s turns to fight!,"(p_ptr, """", m_name)",
666,monster1.c,1466,screen_text_out,msg_print,,(NULL),
667,monster2.c,1857,place_monster_one,msg_format,Deep Unique (%s).,"("""", name)",
668,monster2.c,1867,place_monster_one,msg_format,Deep Monster (%s).,"("""", name)",
669,monster2.c,1878,place_monster_one,msg_format,Unique (%s).,"("""", name)",
670,monster2.c,2731,message_pain,msg_format,%^s is unharmed.,"(p_ptr, """", m_name)",
671,monster2.c,2746,message_pain,msg_format,%^s barely notices.,"(p_ptr, """", m_name)",
672,monster2.c,2748,message_pain,msg_format,%^s flinches.,"(p_ptr, """", m_name)",
673,monster2.c,2750,message_pain,msg_format,%^s squelches.,"(p_ptr, """", m_name)",
674,monster2.c,2752,message_pain,msg_format,%^s quivers in pain.,"(p_ptr, """", m_name)",
675,monster2.c,2754,message_pain,msg_format,%^s writhes about.,"(p_ptr, """", m_name)",
676,monster2.c,2756,message_pain,msg_format,%^s writhes in agony.,"(p_ptr, """", m_name)",
677,monster2.c,2758,message_pain,msg_format,%^s jerks limply.,"(p_ptr, """", m_name)",
678,monster2.c,2765,message_pain,msg_format,%^s shrugs off the attack.,"(p_ptr, """", m_name)",
679,monster2.c,2767,message_pain,msg_format,%^s snarls with pain.,"(p_ptr, """", m_name)",
680,monster2.c,2769,message_pain,msg_format,%^s yelps in pain.,"(p_ptr, """", m_name)",
681,monster2.c,2771,message_pain,msg_format,%^s howls in pain.,"(p_ptr, """", m_name)",
682,monster2.c,2773,message_pain,msg_format,%^s howls in agony.,"(p_ptr, """", m_name)",
683,monster2.c,2775,message_pain,msg_format,%^s writhes in agony.,"(p_ptr, """", m_name)",
684,monster2.c,2777,message_pain,msg_format,%^s yelps feebly.,"(p_ptr, """", m_name)",
685,monster2.c,2784,message_pain,msg_format,%^s ignores the attack.,"(p_ptr, """", m_name)",
686,monster2.c,2786,message_pain,msg_format,%^s grunts with pain.,"(p_ptr, """", m_name)",
687,monster2.c,2788,message_pain,msg_format,%^s squeals in pain.,"(p_ptr, """", m_name)",
688,monster2.c,2790,message_pain,msg_format,%^s shrieks in pain.,"(p_ptr, """", m_name)",
689,monster2.c,2792,message_pain,msg_format,%^s shrieks in agony.,"(p_ptr, """", m_name)",
690,monster2.c,2794,message_pain,msg_format,%^s writhes in agony.,"(p_ptr, """", m_name)",
691,monster2.c,2796,message_pain,msg_format,%^s cries out feebly.,"(p_ptr, """", m_name)",
692,monster2.c,2803,message_pain,msg_format,%^s shrugs off the attack.,"(p_ptr, """", m_name)",
693,monster2.c,2805,message_pain,msg_format,%^s grunts with pain.,"(p_ptr, """", m_name)",
694,monster2.c,2807,message_pain,msg_format,%^s cries out in pain.,"(p_ptr, """", m_name)",
695,monster2.c,2809,message_pain,msg_format,%^s screams in pain.,"(p_ptr, """", m_name)",
696,monster2.c,2811,message_pain,msg_format,%^s screams in agony.,"(p_ptr, """", m_name)",
697,monster2.c,2813,message_pain,msg_format,%^s writhes in agony.,"(p_ptr, """", m_name)",
698,monster2.c,2815,message_pain,msg_format,%^s cries out feebly.,"(p_ptr, """", m_name)",
