id,file,line,text,event,audience,pilot_relevance,regex,condition,notes
750,spells1.c,374,Nothing happens.,escape.teleport_level.fail,self,high,^Nothing happens\.$,teleport_player_level(): ironman server (cfg_ironman) or player in arena; spells1.c:371-375,Deep Descent/teleport-level/nexus-6 has no effect; no level change follows. Same text as set_recall ironman refusal (spells2.c:1143) and generic fizzles.
751,spells1.c,439,You sink through the floor.,escape.teleport_level,self,high,^You sink through the floor\.$,"teleport_player_level(): depth 0 (town) or 50% roll and not max depth/quest level -> new_depth=Depth+1; spells1.c:378-384,439","Level change follows. In town always ""sink""."
751,spells1.c,439,You rise up through the ceiling.,escape.teleport_level,self,high,^You rise up through the ceiling\.$,"teleport_player_level(): dungeon, else-branch -> Depth-1; spells1.c:386-391,439",Level change follows.
751,spells1.c,439,A gust of wind blows you north.,escape.teleport_level.wild,self,high,^A gust of wind blows you north\.$,"teleport_player_level() while in the wilderness (Depth<0): random neighbouring wilderness tile; spells1.c:396-431,439",Wilderness only; Pilot normally in dungeon.
751,spells1.c,439,A gust of wind blows you east.,escape.teleport_level.wild,self,high,^A gust of wind blows you east\.$,"teleport_player_level() while in the wilderness (Depth<0): random neighbouring wilderness tile; spells1.c:396-431,439",Wilderness only; Pilot normally in dungeon.
751,spells1.c,439,A gust of wind blows you south.,escape.teleport_level.wild,self,high,^A gust of wind blows you south\.$,"teleport_player_level() while in the wilderness (Depth<0): random neighbouring wilderness tile; spells1.c:396-431,439",Wilderness only; Pilot normally in dungeon.
751,spells1.c,439,A gust of wind blows you west.,escape.teleport_level.wild,self,high,^A gust of wind blows you west\.$,"teleport_player_level() while in the wilderness (Depth<0): random neighbouring wilderness tile; spells1.c:396-431,439",Wilderness only; Pilot normally in dungeon.
752,spells1.c,625,*** LOW HITPOINT WARNING! ***,danger.low_hp,self,high,^\*\*\* LOW HITPOINT WARNING! \*\*\*$,"take_hit(): player option ALERT_HITPOINT on, chp <= warning threshold and old_chp > warning (first crossing only); spells1.c:620-628","Fires once per crossing, only if the option is set; not a reliable signal (can be off). Followed by msg_print(NULL) (row 753)."
753,spells1.c,627,"(flush / -more- prompt, no text)",system.flush,self,none,^(?!)$,"msg_print(p_ptr,NULL) right after the low-HP warning; spells1.c:627","NULL msg = flush/ ""-more-"" hack; sends no visible text."
754,spells1.c,892,<qty> <item> (<lbl>) <was|were> destroyed!,item.destroyed,self,medium,^(?P<qty>Your|One of your|Some of your|All of your) (?P<item>.+?) \((?P<lbl>.)\) (?:was|were) destroyed!$,"inven_damage(): elemental attack (acid/fire/cold/elec) destroys inventory items, per-item chance perc; skips artifacts; spells1.c:870-900","qty = ""Your"" (stack of 1), ""One of your"", ""Some of your"", ""All of your""; verb ""were"" if amt>1 else ""was"". o_name includes count. Attack itself is shown elsewhere (melee2.c/melee1.c)."
755,spells1.c,962,Your <item> is unaffected!,item.damage.acid.ignore,self,low,^Your (?P<item>.+?) is unaffected!$,minus_ac(): acid hits armour that has IGNORE_ACID; spells1.c:960-964,
756,spells1.c,968,Your <item> is damaged!,item.damage.acid,self,medium,^Your (?P<item>.+?) is damaged!$,minus_ac(): acid reduces armour AC; spells1.c:968,AC loss (permanent).
757,spells1.c,1352,Your <item> (<lbl>) resist(s) disenchantment!,resist.disenchant.item,self,low,^Your (?P<item>.+?) \((?P<lbl>.)\) resists? disenchantment!$,apply_disenchant(): artifact passes its 60% resist roll; spells1.c:1345-1353,"""resist"" if number!=1 else ""resists""."
758,spells1.c,1379,Your <item> (<lbl>) <was|were> disenchanted!,item.disenchant,self,medium,^Your (?P<item>.+?) \((?P<lbl>.)\) (?:was|were) disenchanted!$,apply_disenchant(): to-hit/dam/ac reduced; spells1.c:1379,Only if item had a positive enchantment.
759,spells1.c,1422,You resist the effects!,resist.nexus.save,self,medium,^You resist the effects!$,apply_nexus() case 6 (teleport level): saving throw randint0(100)<skill_sav; spells1.c:1420-1423,"Same text used by 760,763,765,839,843,850 - all are saving throws (different effects)."
760,spells1.c,1435,You resist the effects!,resist.nexus.save,self,medium,^You resist the effects!$,apply_nexus() case 7 (stat scramble): saving throw; spells1.c:1433-1436,
761,spells1.c,1439,Your body starts to scramble...,stat.scramble,self,high,^Your body starts to scramble\.\.\.$,"apply_nexus() case 7, save failed: swaps two stats (max and cur); spells1.c:1439",Nexus-breath/spell effect. Stats swapped silently afterwards.
762,spells1.c,1479,You resist the effects!,dead_code,self,none,^You resist the effects!$,apply_morph(): line is inside a comment /*case 1: ... */; spells1.c:1479,NOT SENT: commented out.
763,spells1.c,1484,You resist the effects!,resist.morph.save,self,medium,^You resist the effects!$,apply_morph() case 1: randint0(40+power*2)<skill_sav; spells1.c:1483-1485,
764,spells1.c,1488,Your body starts to scramble...,stat.scramble,self,high,^Your body starts to scramble\.\.\.$,"apply_morph() case 1, save failed; spells1.c:1488","Only player-cast polymorph (GF_OLD_POLY, PvP)."
765,spells1.c,1515,You resist the effects!,resist.morph.save,self,medium,^You resist the effects!$,"apply_morph() case 2, player not yet a fruit bat, save succeeded; spells1.c:1513-1516",
766,spells1.c,1521,You have been turned into a fruit bat!,player.death.fruitbat,self,high,^You have been turned into a fruit bat!$,"apply_morph() case 2, save failed: sets fruit_bat=-1 and calls player_death(); spells1.c:1521-1525",Permanent-death-like (killed via died_from=killer). PvP only (see GF_OLD_POLY).
767,spells1.c,1529,You have been restored!,player.restored,self,medium,^You have been restored!$,apply_morph() case 2 when already a fruit bat; spells1.c:1527-1531,
768,spells1.c,1614,The tree burns to the ground!,terrain.tree_burn,self,low,^The tree burns to the ground\!$,"project_f() GF_FIRE on a tree grid the player can see, not quiet; spells1.c:1606-1616",
769,spells1.c,1664,There is a bright flash of light!,terrain.trap_destroy,self,low,^There is a bright flash of light\!$,"project_f() GF_KILL_TRAP: trap/invisible-trap grid destroyed, seen by player, not quiet; spells1.c:1642-1665","Also used for KILL_DOOR (row 772). Two different effects, same text."
770,spells1.c,1668,There is a bright flash of light!,terrain.trap_destroy,others,low,^There is a bright flash of light\!$,project_f() GF_KILL_TRAP: msg_print_near to other nearby players when a trap is destroyed; spells1.c:1668,
771,spells1.c,1687,Click!,terrain.door_unlock,self,low,^Click\!$,"project_f() GF_KILL_TRAP: locked door unlocked, player in LOS; spells1.c:1673-1690",Same text as chest disarm (781).
772,spells1.c,1710,There is a bright flash of light!,terrain.door_destroy,self,low,^There is a bright flash of light\!$,project_f() GF_KILL_DOOR: door/trap destroyed; spells1.c:1696-1712,
773,spells1.c,1739,The wall turns into mud!,terrain.wall_mud,self,low,^The wall turns into mud\!$,"project_f() GF_KILL_WALL on granite, grid known (CAVE_MARK); spells1.c:1725-1741",Stone to Mud.
774,spells1.c,1759,The vein turns into mud!,terrain.vein_mud,self,low,^The vein turns into mud\!$,"project_f() GF_KILL_WALL, magma/quartz with treasure; spells1.c:1752-1760","Followed by ""You have found something!"" (775). Note: this branch does not call cave_set_feat (vein with treasure left in place)."
775,spells1.c,1760,You have found something!,terrain.treasure_found,self,low,^You have found something\!$,"project_f() GF_KILL_WALL, treasure vein; spells1.c:1760",
776,spells1.c,1783,The vein turns into mud!,terrain.vein_mud,self,low,^The vein turns into mud\!$,"project_f() GF_KILL_WALL, plain magma/quartz; spells1.c:1776-1785",
777,spells1.c,1803,The rubble turns into mud!,terrain.rubble_mud,self,low,^The rubble turns into mud\!$,"project_f() GF_KILL_WALL, rubble; spells1.c:1796-1805",
778,spells1.c,1822,There was something buried in the rubble!,terrain.rubble_object,self,low,^There was something buried in the rubble\!$,"project_f() GF_KILL_WALL rubble, 10% chance an object is placed and grid seen; spells1.c:1817-1823",
779,spells1.c,1837,The door resists.,terrain.door_resist,self,low,^The door resists\.$,project_f() GF_KILL_WALL vs house door; spells1.c:1830-1839,
780,spells1.c,1848,The door turns into mud!,terrain.door_mud,self,low,^The door turns into mud\!$,project_f() GF_KILL_WALL vs ordinary door/secret door; spells1.c:1842-1850,
781,spells1.c,2190,Click!,terrain.chest_disarm,self,low,^Click\!$,"project_i() GF_KILL_TRAP on a trapped/locked chest on floor, visible; spells1.c:2178-2192",
782,spells1.c,2217,The <item> is/are unaffected!,item.floor.resist,self,low,^The (?P<item>.+?) (?:is|are) unaffected!$,"project_i(): floor object hit by element but artifact or IGNORE_x, visible, not quiet; spells1.c:2211-2218","verb ""are"" if stack."
783,spells1.c,2228,The <item> <melts!|burns up!|shatters!|is destroyed!|...>,item.floor.destroyed,self,low,^The (?P<item>.+?) (?P<note>melts?!|burns? up!|shatters?!|(?:is|are) destroyed!)$,"project_i(): visible floor object destroyed by acid/fire/cold/elec/shards etc.; note_kill strings at spells1.c:2059-2166: "" melt(s)!"", "" burn(s) up!"", "" shatter(s)!"", "" is/are destroyed!""; spells1.c:2224-2229","Floor items only, not pack (pack loss is 754)."
784,spells1.c,3405,<Monster><note>,monster.death.spell_by_monster,self,low,^(?P<mon>[A-Z].*?)(?P<note>(?: resists a lot\.| resists somewhat\.| resists\.| is immune\.| is unaffected!| spawns!| looks healthier\.| starts moving faster\.| starts moving slower\.| falls asleep!| cringes from the light!| shrivels away in the light!| loses some skin!| dissolves!| shudders\.| changes!| disappears!| is more dazed\.| is dazed\.| looks more confused\.| looks confused\.| dies\.| is destroyed\.))$,"project_m(): monster killed by ANOTHER monster's projection (who>0), note (death note e.g. "" dies."", "" is destroyed."", "" dissolves!"", "" shrivels away in the light!""); spells1.c:3382-3406",Monster-vs-monster kills seen by the player; not a player kill.
785,spells1.c,3412,<Monster><note>,monster.effect.spell_by_monster,self,low,^(?P<mon>[A-Z].*?)(?P<note>(?: resists a lot\.| resists somewhat\.| resists\.| is immune\.| is unaffected!| spawns!| looks healthier\.| starts moving faster\.| starts moving slower\.| falls asleep!| cringes from the light!| shrivels away in the light!| loses some skin!| dissolves!| shudders\.| changes!| disappears!| is more dazed\.| is dazed\.| looks more confused\.| looks confused\.| dies\.| is destroyed\.))$,"project_m(): monster damaged (not killed) by another monster's projection, note set and monster seen; spells1.c:3408-3413","note list: "" resists a lot."", "" resists."", "" is immune."", "" shudders."", "" is unaffected!"" etc. (spells1.c:2423-3363)."
786,spells1.c,3437,<Monster><note>,monster.effect.player_spell,self,medium,^(?P<mon>[A-Z].*?)(?P<note>(?: resists a lot\.| resists somewhat\.| resists\.| is immune\.| is unaffected!| spawns!| looks healthier\.| starts moving faster\.| starts moving slower\.| falls asleep!| cringes from the light!| shrivels away in the light!| loses some skin!| dissolves!| shudders\.| changes!| disappears!| is more dazed\.| is dazed\.| looks more confused\.| looks confused\.| dies\.| is destroyed\.))$,project_m(): monster hit but not killed by the player's own bolt/ball/spell; note set and monster seen; spells1.c:3430-3438,"Tells whether wand/spell affected it: "" resists a lot."", "" resists somewhat."", "" resists."", "" is immune."", "" is unaffected!"", "" falls asleep!"", "" looks confused."", "" is dazed."", "" starts moving slower."", "" changes!"" (polymorph), "" disappears!"" (teleport away), "" looks healthier."" etc. Note strings at spells1.c:2423-3363."
787,spells1.c,3449,<Monster> flees in terror!,monster.flee,self,medium,^(?P<mon>.+?) flees in terror!$,"project_m(): player hit monster, fear set (fear/do_fear), monster visible, not RF2_WANDERER; spells1.c:3441-3449",
788,spells1.c,3617,You are hit by acid!,attack.unseen.hit.acid,self,high,^You\ are\ hit\ by\ acid\!$,project_p() GF_ACID: player is BLIND (fuzzy) and hit by a projected spell/breath from a monster or PvP; spells1.c:3617,"Only sent when blind; when the player can see, the attack is announced elsewhere (monster spell/breath message in melee2.c) and no text is sent here. Text does not identify most elements: ""something"" is GF_MISSILE/SOUND/CONFUSION/FORCE/LITE/DARK/MANA/METEOR/HOLY_ORB/PLASMA/WATER; ""something sharp"" is ARROW/SHARDS/ICE; ""something strange"" is NETHER/CHAOS/DISENCHANT/NEXUS/INERT/TIME/GRAVITY. Damage taken is applied silently; resist gives NO message."
789,spells1.c,3623,You are hit by fire!,attack.unseen.hit.fire,self,high,^You\ are\ hit\ by\ fire\!$,project_p() GF_FIRE: player is BLIND (fuzzy) and hit by a projected spell/breath from a monster or PvP; spells1.c:3623,"Only sent when blind; when the player can see, the attack is announced elsewhere (monster spell/breath message in melee2.c) and no text is sent here. Text does not identify most elements: ""something"" is GF_MISSILE/SOUND/CONFUSION/FORCE/LITE/DARK/MANA/METEOR/HOLY_ORB/PLASMA/WATER; ""something sharp"" is ARROW/SHARDS/ICE; ""something strange"" is NETHER/CHAOS/DISENCHANT/NEXUS/INERT/TIME/GRAVITY. Damage taken is applied silently; resist gives NO message."
790,spells1.c,3629,You are hit by cold!,attack.unseen.hit.cold,self,high,^You\ are\ hit\ by\ cold\!$,project_p() GF_COLD: player is BLIND (fuzzy) and hit by a projected spell/breath from a monster or PvP; spells1.c:3629,"Only sent when blind; when the player can see, the attack is announced elsewhere (monster spell/breath message in melee2.c) and no text is sent here. Text does not identify most elements: ""something"" is GF_MISSILE/SOUND/CONFUSION/FORCE/LITE/DARK/MANA/METEOR/HOLY_ORB/PLASMA/WATER; ""something sharp"" is ARROW/SHARDS/ICE; ""something strange"" is NETHER/CHAOS/DISENCHANT/NEXUS/INERT/TIME/GRAVITY. Damage taken is applied silently; resist gives NO message."
791,spells1.c,3635,You are hit by lightning!,attack.unseen.hit.elec,self,high,^You\ are\ hit\ by\ lightning\!$,project_p() GF_ELEC: player is BLIND (fuzzy) and hit by a projected spell/breath from a monster or PvP; spells1.c:3635,"Only sent when blind; when the player can see, the attack is announced elsewhere (monster spell/breath message in melee2.c) and no text is sent here. Text does not identify most elements: ""something"" is GF_MISSILE/SOUND/CONFUSION/FORCE/LITE/DARK/MANA/METEOR/HOLY_ORB/PLASMA/WATER; ""something sharp"" is ARROW/SHARDS/ICE; ""something strange"" is NETHER/CHAOS/DISENCHANT/NEXUS/INERT/TIME/GRAVITY. Damage taken is applied silently; resist gives NO message."
792,spells1.c,3641,You are hit by poison!,attack.unseen.hit.pois,self,high,^You\ are\ hit\ by\ poison\!$,project_p() GF_POIS: player is BLIND (fuzzy) and hit by a projected spell/breath from a monster or PvP; spells1.c:3641,"Only sent when blind; when the player can see, the attack is announced elsewhere (monster spell/breath message in melee2.c) and no text is sent here. Text does not identify most elements: ""something"" is GF_MISSILE/SOUND/CONFUSION/FORCE/LITE/DARK/MANA/METEOR/HOLY_ORB/PLASMA/WATER; ""something sharp"" is ARROW/SHARDS/ICE; ""something strange"" is NETHER/CHAOS/DISENCHANT/NEXUS/INERT/TIME/GRAVITY. Damage taken is applied silently; resist gives NO message."
793,spells1.c,3653,You are hit by something!,attack.unseen.hit.missile,self,high,^You\ are\ hit\ by\ something\!$,project_p() GF_MISSILE: player is BLIND (fuzzy) and hit by a projected spell/breath from a monster or PvP; spells1.c:3653,"Only sent when blind; when the player can see, the attack is announced elsewhere (monster spell/breath message in melee2.c) and no text is sent here. Text does not identify most elements: ""something"" is GF_MISSILE/SOUND/CONFUSION/FORCE/LITE/DARK/MANA/METEOR/HOLY_ORB/PLASMA/WATER; ""something sharp"" is ARROW/SHARDS/ICE; ""something strange"" is NETHER/CHAOS/DISENCHANT/NEXUS/INERT/TIME/GRAVITY. Damage taken is applied silently; resist gives NO message."
794,spells1.c,3659,You are hit by something!,attack.unseen.hit.holy_orb,self,high,^You\ are\ hit\ by\ something\!$,project_p() GF_HOLY_ORB: player is BLIND (fuzzy) and hit by a projected spell/breath from a monster or PvP; spells1.c:3659,"Only sent when blind; when the player can see, the attack is announced elsewhere (monster spell/breath message in melee2.c) and no text is sent here. Text does not identify most elements: ""something"" is GF_MISSILE/SOUND/CONFUSION/FORCE/LITE/DARK/MANA/METEOR/HOLY_ORB/PLASMA/WATER; ""something sharp"" is ARROW/SHARDS/ICE; ""something strange"" is NETHER/CHAOS/DISENCHANT/NEXUS/INERT/TIME/GRAVITY. Damage taken is applied silently; resist gives NO message."
795,spells1.c,3666,You are hit by something sharp!,attack.unseen.hit.arrow,self,high,^You\ are\ hit\ by\ something\ sharp\!$,project_p() GF_ARROW: player is BLIND (fuzzy) and hit by a projected spell/breath from a monster or PvP; spells1.c:3666,"Only sent when blind; when the player can see, the attack is announced elsewhere (monster spell/breath message in melee2.c) and no text is sent here. Text does not identify most elements: ""something"" is GF_MISSILE/SOUND/CONFUSION/FORCE/LITE/DARK/MANA/METEOR/HOLY_ORB/PLASMA/WATER; ""something sharp"" is ARROW/SHARDS/ICE; ""something strange"" is NETHER/CHAOS/DISENCHANT/NEXUS/INERT/TIME/GRAVITY. Damage taken is applied silently; resist gives NO message."
796,spells1.c,3672,You are hit by something!,attack.unseen.hit.plasma,self,high,^You\ are\ hit\ by\ something\!$,project_p() GF_PLASMA: player is BLIND (fuzzy) and hit by a projected spell/breath from a monster or PvP; spells1.c:3672,"Only sent when blind; when the player can see, the attack is announced elsewhere (monster spell/breath message in melee2.c) and no text is sent here. Text does not identify most elements: ""something"" is GF_MISSILE/SOUND/CONFUSION/FORCE/LITE/DARK/MANA/METEOR/HOLY_ORB/PLASMA/WATER; ""something sharp"" is ARROW/SHARDS/ICE; ""something strange"" is NETHER/CHAOS/DISENCHANT/NEXUS/INERT/TIME/GRAVITY. Damage taken is applied silently; resist gives NO message."
797,spells1.c,3683,You are hit by something strange!,attack.unseen.hit.nether,self,high,^You\ are\ hit\ by\ something\ strange\!$,project_p() GF_NETHER: player is BLIND (fuzzy) and hit by a projected spell/breath from a monster or PvP; spells1.c:3683,"Only sent when blind; when the player can see, the attack is announced elsewhere (monster spell/breath message in melee2.c) and no text is sent here. Text does not identify most elements: ""something"" is GF_MISSILE/SOUND/CONFUSION/FORCE/LITE/DARK/MANA/METEOR/HOLY_ORB/PLASMA/WATER; ""something sharp"" is ARROW/SHARDS/ICE; ""something strange"" is NETHER/CHAOS/DISENCHANT/NEXUS/INERT/TIME/GRAVITY. Damage taken is applied silently; resist gives NO message."
798,spells1.c,3692,You keep hold of your life force!,resist.exp_drain,self,high,^You keep hold of your life force!$,project_p() GF_NETHER: player has hold_life and randint0(100)<75; spells1.c:3692,GF_NETHER (798) / GF_CHAOS (803). Experience NOT lost. Chaos also sets confusion/hallucination separately.
799,spells1.c,3696,You feel your life slipping away!,exp.drain.small,self,high,^You feel your life slipping away!$,project_p() GF_NETHER: hold_life but 25% roll failed: lose_exp(200+... nether / 500+... chaos); spells1.c:3696,Lose exp even with hold life.
800,spells1.c,3701,You feel your life draining away!,exp.drain,self,high,^You feel your life draining away!$,project_p() GF_NETHER: no hold_life (and no resist_neth for chaos/nether): lose_exp(200+exp/100*... nether; 5000+... chaos); spells1.c:3701,Sent whether or not player is blind (not conditioned on fuzzy).
801,spells1.c,3710,You are hit by something!,attack.unseen.hit.water,self,high,^You\ are\ hit\ by\ something\!$,project_p() GF_WATER: player is BLIND (fuzzy) and hit by a projected spell/breath from a monster or PvP; spells1.c:3710,"Only sent when blind; when the player can see, the attack is announced elsewhere (monster spell/breath message in melee2.c) and no text is sent here. Text does not identify most elements: ""something"" is GF_MISSILE/SOUND/CONFUSION/FORCE/LITE/DARK/MANA/METEOR/HOLY_ORB/PLASMA/WATER; ""something sharp"" is ARROW/SHARDS/ICE; ""something strange"" is NETHER/CHAOS/DISENCHANT/NEXUS/INERT/TIME/GRAVITY. Damage taken is applied silently; resist gives NO message."
802,spells1.c,3724,You are hit by something strange!,attack.unseen.hit.chaos,self,high,^You\ are\ hit\ by\ something\ strange\!$,project_p() GF_CHAOS: player is BLIND (fuzzy) and hit by a projected spell/breath from a monster or PvP; spells1.c:3724,"Only sent when blind; when the player can see, the attack is announced elsewhere (monster spell/breath message in melee2.c) and no text is sent here. Text does not identify most elements: ""something"" is GF_MISSILE/SOUND/CONFUSION/FORCE/LITE/DARK/MANA/METEOR/HOLY_ORB/PLASMA/WATER; ""something sharp"" is ARROW/SHARDS/ICE; ""something strange"" is NETHER/CHAOS/DISENCHANT/NEXUS/INERT/TIME/GRAVITY. Damage taken is applied silently; resist gives NO message."
803,spells1.c,3741,You keep hold of your life force!,resist.exp_drain,self,high,^You keep hold of your life force!$,project_p() GF_CHAOS: player has hold_life and randint0(100)<75; spells1.c:3741,GF_NETHER (798) / GF_CHAOS (803). Experience NOT lost. Chaos also sets confusion/hallucination separately.
804,spells1.c,3745,You feel your life slipping away!,exp.drain.small,self,high,^You feel your life slipping away!$,project_p() GF_CHAOS: hold_life but 25% roll failed: lose_exp(200+... nether / 500+... chaos); spells1.c:3745,Lose exp even with hold life.
805,spells1.c,3750,You feel your life draining away!,exp.drain,self,high,^You feel your life draining away!$,project_p() GF_CHAOS: no hold_life (and no resist_neth for chaos/nether): lose_exp(200+exp/100*... nether; 5000+... chaos); spells1.c:3750,Sent whether or not player is blind (not conditioned on fuzzy).
806,spells1.c,3759,You are hit by something sharp!,attack.unseen.hit.shards,self,high,^You\ are\ hit\ by\ something\ sharp\!$,project_p() GF_SHARDS: player is BLIND (fuzzy) and hit by a projected spell/breath from a monster or PvP; spells1.c:3759,"Only sent when blind; when the player can see, the attack is announced elsewhere (monster spell/breath message in melee2.c) and no text is sent here. Text does not identify most elements: ""something"" is GF_MISSILE/SOUND/CONFUSION/FORCE/LITE/DARK/MANA/METEOR/HOLY_ORB/PLASMA/WATER; ""something sharp"" is ARROW/SHARDS/ICE; ""something strange"" is NETHER/CHAOS/DISENCHANT/NEXUS/INERT/TIME/GRAVITY. Damage taken is applied silently; resist gives NO message."
807,spells1.c,3773,You are hit by something!,attack.unseen.hit.sound,self,high,^You\ are\ hit\ by\ something\!$,project_p() GF_SOUND: player is BLIND (fuzzy) and hit by a projected spell/breath from a monster or PvP; spells1.c:3773,"Only sent when blind; when the player can see, the attack is announced elsewhere (monster spell/breath message in melee2.c) and no text is sent here. Text does not identify most elements: ""something"" is GF_MISSILE/SOUND/CONFUSION/FORCE/LITE/DARK/MANA/METEOR/HOLY_ORB/PLASMA/WATER; ""something sharp"" is ARROW/SHARDS/ICE; ""something strange"" is NETHER/CHAOS/DISENCHANT/NEXUS/INERT/TIME/GRAVITY. Damage taken is applied silently; resist gives NO message."
808,spells1.c,3788,You are hit by something!,attack.unseen.hit.confusion,self,high,^You\ are\ hit\ by\ something\!$,project_p() GF_CONFUSION: player is BLIND (fuzzy) and hit by a projected spell/breath from a monster or PvP; spells1.c:3788,"Only sent when blind; when the player can see, the attack is announced elsewhere (monster spell/breath message in melee2.c) and no text is sent here. Text does not identify most elements: ""something"" is GF_MISSILE/SOUND/CONFUSION/FORCE/LITE/DARK/MANA/METEOR/HOLY_ORB/PLASMA/WATER; ""something sharp"" is ARROW/SHARDS/ICE; ""something strange"" is NETHER/CHAOS/DISENCHANT/NEXUS/INERT/TIME/GRAVITY. Damage taken is applied silently; resist gives NO message."
809,spells1.c,3802,You are hit by something strange!,attack.unseen.hit.disenchant,self,high,^You\ are\ hit\ by\ something\ strange\!$,project_p() GF_DISENCHANT: player is BLIND (fuzzy) and hit by a projected spell/breath from a monster or PvP; spells1.c:3802,"Only sent when blind; when the player can see, the attack is announced elsewhere (monster spell/breath message in melee2.c) and no text is sent here. Text does not identify most elements: ""something"" is GF_MISSILE/SOUND/CONFUSION/FORCE/LITE/DARK/MANA/METEOR/HOLY_ORB/PLASMA/WATER; ""something sharp"" is ARROW/SHARDS/ICE; ""something strange"" is NETHER/CHAOS/DISENCHANT/NEXUS/INERT/TIME/GRAVITY. Damage taken is applied silently; resist gives NO message."
810,spells1.c,3816,You are hit by something strange!,attack.unseen.hit.nexus,self,high,^You\ are\ hit\ by\ something\ strange\!$,project_p() GF_NEXUS: player is BLIND (fuzzy) and hit by a projected spell/breath from a monster or PvP; spells1.c:3816,"Only sent when blind; when the player can see, the attack is announced elsewhere (monster spell/breath message in melee2.c) and no text is sent here. Text does not identify most elements: ""something"" is GF_MISSILE/SOUND/CONFUSION/FORCE/LITE/DARK/MANA/METEOR/HOLY_ORB/PLASMA/WATER; ""something sharp"" is ARROW/SHARDS/ICE; ""something strange"" is NETHER/CHAOS/DISENCHANT/NEXUS/INERT/TIME/GRAVITY. Damage taken is applied silently; resist gives NO message."
811,spells1.c,3830,You are hit by something!,attack.unseen.hit.force,self,high,^You\ are\ hit\ by\ something\!$,project_p() GF_FORCE: player is BLIND (fuzzy) and hit by a projected spell/breath from a monster or PvP; spells1.c:3830,"Only sent when blind; when the player can see, the attack is announced elsewhere (monster spell/breath message in melee2.c) and no text is sent here. Text does not identify most elements: ""something"" is GF_MISSILE/SOUND/CONFUSION/FORCE/LITE/DARK/MANA/METEOR/HOLY_ORB/PLASMA/WATER; ""something sharp"" is ARROW/SHARDS/ICE; ""something strange"" is NETHER/CHAOS/DISENCHANT/NEXUS/INERT/TIME/GRAVITY. Damage taken is applied silently; resist gives NO message."
812,spells1.c,3840,You are hit by something strange!,attack.unseen.hit.inert,self,high,^You\ are\ hit\ by\ something\ strange\!$,project_p() GF_INERT: player is BLIND (fuzzy) and hit by a projected spell/breath from a monster or PvP; spells1.c:3840,"Only sent when blind; when the player can see, the attack is announced elsewhere (monster spell/breath message in melee2.c) and no text is sent here. Text does not identify most elements: ""something"" is GF_MISSILE/SOUND/CONFUSION/FORCE/LITE/DARK/MANA/METEOR/HOLY_ORB/PLASMA/WATER; ""something sharp"" is ARROW/SHARDS/ICE; ""something strange"" is NETHER/CHAOS/DISENCHANT/NEXUS/INERT/TIME/GRAVITY. Damage taken is applied silently; resist gives NO message."
813,spells1.c,3847,You are hit by something!,attack.unseen.hit.lite,self,high,^You\ are\ hit\ by\ something\!$,project_p() GF_LITE: player is BLIND (fuzzy) and hit by a projected spell/breath from a monster or PvP; spells1.c:3847,"Only sent when blind; when the player can see, the attack is announced elsewhere (monster spell/breath message in melee2.c) and no text is sent here. Text does not identify most elements: ""something"" is GF_MISSILE/SOUND/CONFUSION/FORCE/LITE/DARK/MANA/METEOR/HOLY_ORB/PLASMA/WATER; ""something sharp"" is ARROW/SHARDS/ICE; ""something strange"" is NETHER/CHAOS/DISENCHANT/NEXUS/INERT/TIME/GRAVITY. Damage taken is applied silently; resist gives NO message."
814,spells1.c,3861,You are hit by something!,attack.unseen.hit.dark,self,high,^You\ are\ hit\ by\ something\!$,project_p() GF_DARK: player is BLIND (fuzzy) and hit by a projected spell/breath from a monster or PvP; spells1.c:3861,"Only sent when blind; when the player can see, the attack is announced elsewhere (monster spell/breath message in melee2.c) and no text is sent here. Text does not identify most elements: ""something"" is GF_MISSILE/SOUND/CONFUSION/FORCE/LITE/DARK/MANA/METEOR/HOLY_ORB/PLASMA/WATER; ""something sharp"" is ARROW/SHARDS/ICE; ""something strange"" is NETHER/CHAOS/DISENCHANT/NEXUS/INERT/TIME/GRAVITY. Damage taken is applied silently; resist gives NO message."
815,spells1.c,3875,You are hit by something strange!,attack.unseen.hit.time,self,high,^You\ are\ hit\ by\ something\ strange\!$,project_p() GF_TIME: player is BLIND (fuzzy) and hit by a projected spell/breath from a monster or PvP; spells1.c:3875,"Only sent when blind; when the player can see, the attack is announced elsewhere (monster spell/breath message in melee2.c) and no text is sent here. Text does not identify most elements: ""something"" is GF_MISSILE/SOUND/CONFUSION/FORCE/LITE/DARK/MANA/METEOR/HOLY_ORB/PLASMA/WATER; ""something sharp"" is ARROW/SHARDS/ICE; ""something strange"" is NETHER/CHAOS/DISENCHANT/NEXUS/INERT/TIME/GRAVITY. Damage taken is applied silently; resist gives NO message."
816,spells1.c,3879,You feel life has clocked back.,exp.drain.time,self,high,^You feel life has clocked back\.$,project_p() GF_TIME randint1(10)<=5: lose_exp(100+exp/100*...); spells1.c:3877-3881,Time attack effect.
817,spells1.c,3895,You're not as <adj> as you used to be...,stat.drain.time,self,high,^You're not as (?P<adj>strong|bright|wise|agile|hale|beautiful) as you used to be\.\.\.$,project_p() GF_TIME randint1(10) in 6-9: one stat cur *=3/4 (min 3); adj by stat: strong(STR) bright(INT) wise(WIS) agile(DEX) hale(CON) beautiful(CHR); spells1.c:3883-3897,"Different vocabulary from do_dec_stat (""You feel very weak."") and not blockable by sustain. Regex covers all six."
818,spells1.c,3904,You're not as powerful as you used to be...,stat.drain.all,self,high,^You're not as powerful as you used to be\.\.\.$,project_p() GF_TIME randint1(10)==10: all six stats cur *=3/4; spells1.c:3899-3908,
819,spells1.c,3919,You are hit by something strange!,attack.unseen.hit.gravity,self,high,^You\ are\ hit\ by\ something\ strange\!$,project_p() GF_GRAVITY: player is BLIND (fuzzy) and hit by a projected spell/breath from a monster or PvP; spells1.c:3919,"Only sent when blind; when the player can see, the attack is announced elsewhere (monster spell/breath message in melee2.c) and no text is sent here. Text does not identify most elements: ""something"" is GF_MISSILE/SOUND/CONFUSION/FORCE/LITE/DARK/MANA/METEOR/HOLY_ORB/PLASMA/WATER; ""something sharp"" is ARROW/SHARDS/ICE; ""something strange"" is NETHER/CHAOS/DISENCHANT/NEXUS/INERT/TIME/GRAVITY. Damage taken is applied silently; resist gives NO message."
820,spells1.c,3920,Gravity warps around you.,attack.gravity,self,high,^Gravity warps around you\.$,"project_p() GF_GRAVITY, always sent (not conditional on blind); then maybe teleport 5, slow, stun; spells1.c:3920","Gravity breath: expect slow, stun and short teleport to follow."
821,spells1.c,3936,You are hit by something!,attack.unseen.hit.mana,self,high,^You\ are\ hit\ by\ something\!$,project_p() GF_MANA: player is BLIND (fuzzy) and hit by a projected spell/breath from a monster or PvP; spells1.c:3936,"Only sent when blind; when the player can see, the attack is announced elsewhere (monster spell/breath message in melee2.c) and no text is sent here. Text does not identify most elements: ""something"" is GF_MISSILE/SOUND/CONFUSION/FORCE/LITE/DARK/MANA/METEOR/HOLY_ORB/PLASMA/WATER; ""something sharp"" is ARROW/SHARDS/ICE; ""something strange"" is NETHER/CHAOS/DISENCHANT/NEXUS/INERT/TIME/GRAVITY. Damage taken is applied silently; resist gives NO message."
822,spells1.c,3942,You are hit by something!,attack.unseen.hit.meteor,self,high,^You\ are\ hit\ by\ something\!$,project_p() GF_METEOR: player is BLIND (fuzzy) and hit by a projected spell/breath from a monster or PvP; spells1.c:3942,"Only sent when blind; when the player can see, the attack is announced elsewhere (monster spell/breath message in melee2.c) and no text is sent here. Text does not identify most elements: ""something"" is GF_MISSILE/SOUND/CONFUSION/FORCE/LITE/DARK/MANA/METEOR/HOLY_ORB/PLASMA/WATER; ""something sharp"" is ARROW/SHARDS/ICE; ""something strange"" is NETHER/CHAOS/DISENCHANT/NEXUS/INERT/TIME/GRAVITY. Damage taken is applied silently; resist gives NO message."
823,spells1.c,3948,You are hit by something sharp!,attack.unseen.hit.ice,self,high,^You\ are\ hit\ by\ something\ sharp\!$,project_p() GF_ICE: player is BLIND (fuzzy) and hit by a projected spell/breath from a monster or PvP; spells1.c:3948,"Only sent when blind; when the player can see, the attack is announced elsewhere (monster spell/breath message in melee2.c) and no text is sent here. Text does not identify most elements: ""something"" is GF_MISSILE/SOUND/CONFUSION/FORCE/LITE/DARK/MANA/METEOR/HOLY_ORB/PLASMA/WATER; ""something sharp"" is ARROW/SHARDS/ICE; ""something strange"" is NETHER/CHAOS/DISENCHANT/NEXUS/INERT/TIME/GRAVITY. Damage taken is applied silently; resist gives NO message."
824,spells1.c,3962,You feel you are somewhere else.,escape.teleport.by_monster,self,high,^You feel you are somewhere else\.$,"project_p() GF_AWAY_ALL, player blind (fuzzy); then teleport_player(200); spells1.c:3960-3964",Teleport-away spell (PvP or monster GF_AWAY_ALL).
825,spells1.c,3963,<killer> teleports you away.,escape.teleport.by_monster,self,high,^(?P<killer>.+?) teleports you away\.$,"project_p() GF_AWAY_ALL, player can see; spells1.c:3963",
826,spells1.c,3970,You are hit by something good!,pvp.heal_received,self,low,^You are hit by something good\!$,"project_p() GF_HEAL_PLAYER, blind; spells1.c:3970",MAngband-specific: another player heals you.
827,spells1.c,3971,<killer> heals you!,pvp.heal_received,self,low,^(?P<killer>.+?) heals you!$,"project_p() GF_HEAL_PLAYER, seeing; spells1.c:3971",
828,spells1.c,3982,You are hit by something good!,pvp.spell_received,self,low,^You are hit by something good\!$,"project_p() GF_PROJECT_SPELL, blind; spells1.c:3982",
829,spells1.c,3983,<killer> does something to you!,pvp.spell_received,self,low,^(?P<killer>.+?) does something to you!$,project_p() GF_PROJECT_SPELL; spells1.c:3983,
830,spells1.c,3993,You are hit by something good!,pvp.prayer_received,self,low,^You are hit by something good\!$,"project_p() GF_PROJECT_PRAYER, blind; spells1.c:3993",
831,spells1.c,3994,<killer> prays on your behalf!,pvp.prayer_received,self,low,^(?P<killer>.+?) prays on your behalf!$,project_p() GF_PROJECT_PRAYER; spells1.c:3994,
832,spells1.c,4003,You hear puzzling noises!,attack.unseen.confuse,self,high,^You hear puzzling noises\!$,"project_p() GF_OLD_CONF (player-cast Confuse spell only, x-spell.c:1383), blind; spells1.c:4003","GF_OLD_* are cast by PLAYERS, not monsters (no use in melee2.c): PvP."
833,spells1.c,4004,<killer> creates a mesmerising illusion!,attack.spell.confuse,self,high,^(?P<killer>.+?) creates a mesmerising illusion!$,"project_p() GF_OLD_CONF, seeing; spells1.c:4004",PvP only.
834,spells1.c,4008,You disbelieve the feeble spell.,resist.confuse,self,high,^You disbelieve the feeble spell\.$,"project_p() GF_OLD_CONF, player has resist_conf; spells1.c:4006-4008",No status follows.
835,spells1.c,4012,You disbelieve the feeble spell.,resist.confuse.save,self,high,^You disbelieve the feeble spell\.$,"project_p() GF_OLD_CONF, saving throw randint0(100+dam*6)<skill_sav; spells1.c:4010-4012",Identical text to 834 (resist vs save).
836,spells1.c,4020,Something drains power from your muscles!,attack.unseen.slow,self,high,^Something drains power from your muscles\!$,"project_p() GF_OLD_SLOW, blind; spells1.c:4020",PvP.
837,spells1.c,4021,<killer> drains power from your muscles!,attack.spell.slow,self,high,^(?P<killer>.+?) drains power from your muscles!$,project_p() GF_OLD_SLOW; spells1.c:4021,PvP.
838,spells1.c,4025,You are unaffected!,resist.slow.free_act,self,high,^You are unaffected\!$,"project_p() GF_OLD_SLOW / OLD_SLEEP, player has free_act; spells1.c:4023-4025 and 4040-4042 (row 842)",Same text as 842.
839,spells1.c,4029,You resist the effects!,resist.slow.save,self,high,^You resist the effects\!$,"project_p() GF_OLD_SLOW, saving throw; spells1.c:4027-4029",
840,spells1.c,4037,Something makes you very sleepy!,attack.unseen.sleep,self,high,^Something makes you very sleepy\!$,"project_p() GF_OLD_SLEEP, blind; spells1.c:4037",PvP.
841,spells1.c,4038,<killer> makes you very sleepy!,attack.spell.sleep,self,high,^(?P<killer>.+?) makes you very sleepy!$,project_p() GF_OLD_SLEEP; spells1.c:4038,PvP.
842,spells1.c,4042,You are unaffected!,resist.sleep.free_act,self,high,^You are unaffected\!$,"project_p() GF_OLD_SLEEP, free_act; spells1.c:4040-4042",
843,spells1.c,4046,You resist the effects!,resist.sleep.save,self,high,^You resist the effects\!$,"project_p() GF_OLD_SLEEP, saving throw; spells1.c:4044-4046","On failure set_paralyzed() runs: ""You are paralyzed!""."
844,spells1.c,4054,"Something mumbles, and you hear scary noises!",attack.unseen.scare,self,high,"^Something mumbles\, and you hear scary noises\!$","project_p() GF_TURN_ALL, blind; spells1.c:4054",PvP.
845,spells1.c,4055,<killer> casts a fearful illusion!,attack.spell.scare,self,high,^(?P<killer>.+?) casts a fearful illusion!$,project_p() GF_TURN_ALL; spells1.c:4055,PvP.
846,spells1.c,4059,You refuse to be frightened.,resist.fear,self,high,^You refuse to be frightened\.$,"project_p() GF_TURN_ALL, resist_fear; spells1.c:4057-4059",
847,spells1.c,4063,You refuse to be frightened.,resist.fear.save,self,high,^You refuse to be frightened\.$,"project_p() GF_TURN_ALL, save; spells1.c:4061-4063",Same text as 846.
848,spells1.c,4074,You feel bizzare!,attack.unseen.polymorph,self,high,^You feel bizzare\!$,"project_p() GF_OLD_POLY, blind; spells1.c:4074","(sic ""bizzare""). PvP."
849,spells1.c,4075,<killer> polymorphs you!,attack.spell.polymorph,self,high,^(?P<killer>.+?) polymorphs you!$,project_p() GF_OLD_POLY; spells1.c:4075,PvP; can lead to fruit-bat death (766).
850,spells1.c,4078,You resist the effects!,resist.polymorph,self,high,^You resist the effects\!$,project_p() GF_OLD_POLY with resist_nexus; spells1.c:4076-4078,
851,spells2.c,128,You feel a little better.,heal.small,self,high,^You feel a little better\.$,"hp_player(): chp<mhp before healing and num/5 == 0, i.e. heal amount < 5; spells2.c:96-128","Only sent if the player was below max HP. Amount thresholds (num=amount/5): <3 -> ""a little better"" (0) / ""better"" (1-2); <7 -> ""much better""; else ""very good"". Confirms a healing potion/spell worked (postmortem section 1)."
852,spells2.c,132,You feel better.,heal.medium,self,high,^You feel better\.$,hp_player(): num/5 in 1..2 (heal 5-14); spells2.c:130-132,
853,spells2.c,139,You feel much better.,heal.large,self,high,^You feel much better\.$,hp_player(): num/5 in 3..6 (heal 15-34); spells2.c:136-139,
854,spells2.c,143,You feel very good.,heal.huge,self,high,^You feel very good\.$,hp_player(): num/5 >= 7 (heal >= 35); spells2.c:141-143,No message at all if HP already full (hp_player returns FALSE).
855,spells2.c,209,The very soil of the Town prevents you.,spell.fail.town,self,low,^The very soil of the Town prevents you\.$,warding_glyph(): in town; spells2.c:205-210,
856,spells2.c,217,The object resists the spell.,spell.fail.grid,self,low,^The object resists the spell\.$,warding_glyph(): grid not clean (object/feature); spells2.c:213-218,Same text as stair_creation (878).
857,spells2.c,227,The floor of the house resists your spell.,spell.fail.house,self,low,^The floor of the house resists your spell\.$,warding_glyph(): inside a house in wilderness; spells2.c:224-228,
858,spells2.c,290,"You feel <weak|stupid|naive|clumsy|sickly|ugly> for a moment, but the feeling passes.",stat.sustain,self,high,"^You feel (?P<adj>weak|stupid|naive|clumsy|sickly|ugly) for a moment, but the feeling passes\.$",do_dec_stat(): a drain was attempted and the player has the sustain for that stat; spells2.c:271-292; adj from desc_stat_neg[] = weak(STR) stupid(INT) naive(WIS) clumsy(DEX) sickly(CON) ugly(CHR),"SUSTAINED: stat not lost. Brief's example said ""...for a moment, but it passes.""; actual text ends ""but the feeling passes.""."
859,spells2.c,301,You feel very <weak|stupid|naive|clumsy|sickly|ugly>.,stat.drain,self,high,^You feel very (?P<adj>weak|stupid|naive|clumsy|sickly|ugly)\.$,"do_dec_stat(): dec_stat(stat,10,FALSE) succeeded (stat actually reduced); spells2.c:296-303","STAT DRAINED. If the stat is already at minimum dec_stat fails and NO message is sent (do_dec_stat returns FALSE). Same adj map as 858: weak=STR, stupid=INT, naive=WIS, clumsy=DEX, sickly=CON, ugly=CHR. Also used for potions of Ruination, traps (cmd1.c), etc."
860,spells2.c,322,You feel less <weak|stupid|naive|clumsy|sickly|ugly>.,stat.restore,self,high,^You feel less (?P<adj>weak|stupid|naive|clumsy|sickly|ugly)\.$,do_res_stat(): res_stat() restored a drained stat (restore potion/level-up effect); spells2.c:315-324,Sent only if the stat was actually below max. Same text as 862 (restore inside do_inc_stat).
861,spells2.c,347,Wow!  You feel very <strong|smart|wise|dextrous|healthy|cute>!,stat.gain,self,medium,^Wow!  You feel very (?P<adj>strong|smart|wise|dextrous|healthy|cute)!$,do_inc_stat(): inc_stat() succeeded (potion of Strength etc.); spells2.c:338-349; adj from desc_stat_pos[] = strong smart wise dextrous healthy cute,"Two spaces after ""Wow!""."
862,spells2.c,357,You feel less <weak|stupid|naive|clumsy|sickly|ugly>.,stat.restore,self,high,^You feel less (?P<adj>weak|stupid|naive|clumsy|sickly|ugly)\.$,do_inc_stat(): stat could not be increased but res_stat() restored it; spells2.c:352-359,Identical to 860.
863,spells2.c,491,You feel your life energies returning.,exp.restore,self,medium,^You feel your life energies returning\.$,"restore_level(): exp < max_exp, restores exp; spells2.c:485-492",
864,spells2.c,1143,Nothing happens.,escape.recall.fail,self,high,^Nothing happens\.$,set_recall(): cfg_ironman and not total_winner; spells2.c:1140-1144,Recall scroll/rod does nothing on ironman server. Same text as 750.
865,spells2.c,1192,The air about you becomes charged...,escape.recall_start,self,high,^The air about you becomes charged\.\.\.$,"set_recall(): word_recall was 0, now set to 15+randint0(20) player turns; spells2.c:1146-1193",Recall activation takes 15-34 game turns at normal speed. Escape verification for Word of Recall. Same text emitted by DM (row 1348).
866,spells2.c,1193,The air about <name> becomes charged...,escape.recall_start,others,low,^The air about (?P<name>.+?) becomes charged\.\.\.$,set_recall(): msg_format_complex_near MSG_PY_MISC to others in view; spells2.c:1193,
867,spells2.c,1198,A tension leaves the air around you...,escape.recall_cancel,self,high,^A tension leaves the air around you\.\.\.$,set_recall(): word_recall already active -> cancelled (reading a second scroll CANCELS recall!); spells2.c:1195-1198,DANGER for Pilot: a second read cancels the first.
868,spells2.c,1199,A tension leaves the air around <name>...,escape.recall_cancel,others,low,^A tension leaves the air around (?P<name>.+?)\.\.\.$,set_recall(): others; spells2.c:1199,
869,spells2.c,1388,You sense the presence of buried treasure!,detect.treasure,self,low,^You sense the presence of buried treasure\!$,detect_treasure(): something detected; spells2.c:1383-1388,"Also sends ""<name> senses the presence of buried treasure!"" to party members near (party_msg_format_near, not in this CSV)."
870,spells2.c,1609,You sense the presence of invisible creatures!,detect.invisible,self,medium,^You sense the presence of invisible creatures\!$,detect_invisible(): at least one detected; spells2.c:1605-1610,"followed by msg_print(NULL) flush (871). Others in party see ""<name> senses the presence of invisible creatures!"" (party_msg_format_near, spells2.c:1608)."
871,spells2.c,1610,"(flush, no text)",system.flush,self,none,^(?!)$,"msg_print(p_ptr,NULL) after detect message; spells2.c:1610",
872,spells2.c,1692,You sense the presence of evil creatures!,detect.evil,self,medium,^You sense the presence of evil creatures\!$,detect_evil(): evil monster found; spells2.c:1692,
873,spells2.c,1693,"(flush, no text)",system.flush,self,none,^(?!)$,spells2.c:1693,
874,spells2.c,1801,You sense the presence of creatures!,detect.creatures,self,medium,^You sense the presence of creatures\!$,detect_creatures(): monsters found; spells2.c:1801,Same text as 876.
875,spells2.c,1802,"(flush, no text)",system.flush,self,none,^(?!)$,spells2.c:1802,
876,spells2.c,1842,You sense the presence of creatures!,detect.creatures,self,medium,^You sense the presence of creatures\!$,detection() (Detection/Clairvoyance combo): monsters found; spells2.c:1842,
877,spells2.c,1843,"(flush, no text)",system.flush,self,none,^(?!)$,spells2.c:1843,
878,spells2.c,2097,The object resists the spell.,spell.fail.grid,self,low,^The object resists the spell\.$,stair_creation(): grid not valid (perma/artifact/house); spells2.c:2092-2098,Nothing appears. Same text as 856.
879,spells2.c,2205,"A terrible black aura tries to surround your armor, but your <item> resists the effects!",curse.armor.resisted,self,medium,"^A terrible black aura tries to surround your armor, but your (?P<item>.+?) resists the effects!$",curse_armor(): artifact body armour passes 50% save; spells2.c:2200-2206,
880,spells2.c,2213,A terrible black aura blasts your <item>!,curse.armor,self,medium,^A terrible black aura blasts your (?P<item>.+?)!$,curse_armor(): not artifact or failed save; armour is cursed/ruined; spells2.c:2213,
881,spells2.c,2276,"A terrible black aura tries to surround your weapon, but your <item> resists the effects!",curse.weapon.resisted,self,medium,"^A terrible black aura tries to surround your weapon, but your (?P<item>.+?) resists the effects!$",curse_weapon(): artifact save; spells2.c:2276,
882,spells2.c,2284,A terrible black aura blasts your <item>!,curse.weapon,self,medium,^A terrible black aura blasts your (?P<item>.+?)!$,curse_weapon(): weapon cursed; spells2.c:2284,Same text as 880 (armour vs weapon).
883,spells2.c,2361,A <flaming|frosty|sickly|...> aura surrounds the <item>.,item.brand,self,low,^A (?P<act>\w+) aura surrounds the (?P<item>.+?)\.$,brand_object()/brand_ammo(): brand succeeded; act by ego brand; spells2.c:2361,
884,spells2.c,2375,The Branding failed.,item.brand.fail,self,low,^The Branding failed\.$,brand_object(): failed; spells2.c:2375,
885,spells2.c,2425,There's nothing on the floor.,item.use.nothing_floor,self,low,^There's nothing on the floor\.$,brand_ammo(): no floor object; spells2.c:2425,"Same text used in 890,892,896,900."
886,spells2.c,2432,You cannot brand that!,item.use.invalid_target,self,low,^You cannot brand that\!$,brand_ammo(): not ammo; spells2.c:2432,
887,spells2.c,2563,The curse is broken!,item.curse_broken,self,low,^The curse is broken\!$,"enchant(): to-hit (2555-2565) raised to >=0 on cursed non-PERMA_CURSE item, 25% roll; spells2.c:2563",
888,spells2.c,2588,The curse is broken!,item.curse_broken,self,low,^The curse is broken\!$,"enchant(): to-dam (2575-2590) raised to >=0 on cursed non-PERMA_CURSE item, 25% roll; spells2.c:2588",
889,spells2.c,2613,The curse is broken!,item.curse_broken,self,low,^The curse is broken\!$,"enchant(): to-AC (2600-2615) raised to >=0 on cursed non-PERMA_CURSE item, 25% roll; spells2.c:2613",
890,spells2.c,2677,There's nothing on the floor.,item.use.nothing_floor,self,low,^There's nothing on the floor\.$,create_artifact_aux(): no floor object; spells2.c:2677,
891,spells2.c,2715,<Your|The> <item> glow(s) brightly!,item.artifact_created,self,low,^(?:Your|The) (?P<item>.+?) glows? brightly!$,"create_artifact_aux(): randart made; ""Your"" if in pack else ""The""; spells2.c:2715",
892,spells2.c,2796,There's nothing on the floor.,item.use.nothing_floor,self,low,^There's nothing on the floor\.$,enchant_spell_aux(): no floor object; spells2.c:2796,
893,spells2.c,2805,"Sorry, you cannot enchant that item.",item.use.invalid_target,self,low,"^Sorry\, you cannot enchant that item\.$",enchant_spell_aux(): item tester fails; spells2.c:2805,
894,spells2.c,2813,<Your|The> <item> glow(s) brightly!,item.enchant.start,self,medium,^(?:Your|The) (?P<item>.+?) glows? brightly!$,enchant_spell_aux(): sent BEFORE the roll (scroll of Enchant used); spells2.c:2813,Sent even if the enchantment then fails (895).
895,spells2.c,2829,The enchantment failed.,item.enchant.fail,self,low,^The enchantment failed\.$,enchant_spell_aux(): no stat improved; spells2.c:2826-2829,
896,spells2.c,2878,There's nothing on the floor.,item.use.nothing_floor,self,low,^There's nothing on the floor\.$,ident_spell_aux(): no floor object; spells2.c:2878,
897,spells2.c,2930,<Use>: <item> (<lbl>).,item.identify,self,low,^(?P<use>[A-Z][^:]+): (?P<item>.+) \((?P<lbl>.)\)\.$,"ident_spell_aux(): identified an EQUIPPED item; describe_use() words e.g. ""Attacking monsters with"", ""Wearing on your body""; spells2.c:2927-2931",
898,spells2.c,2935,In your pack: <item> (<lbl>).,item.identify,self,low,^In your pack: (?P<item>.+) \((?P<lbl>.)\)\.$,ident_spell_aux(): pack item; spells2.c:2933-2936,
899,spells2.c,2940,On the ground: <item>.,item.identify,self,low,^On the ground: (?P<item>.+)\.$,ident_spell_aux(): floor item; spells2.c:2938-2941,
900,spells2.c,2983,There's nothing on the floor.,item.use.nothing_floor,self,low,^There's nothing on the floor\.$,identify_fully_item(): spells2.c:2983,
901,spells2.c,3024,<Use>: <item> (<lbl>).,item.identify_full,self,low,^(?P<use>[A-Z][^:]+): (?P<item>.+) \((?P<lbl>.)\)\.$,identify_fully_item(): equipped; spells2.c:3024,
902,spells2.c,3029,In your pack: <item> (<lbl>).,item.identify_full,self,low,^In your pack: (?P<item>.+) \((?P<lbl>.)\)\.$,identify_fully_item(): pack; spells2.c:3029,
903,spells2.c,3034,On the ground: <item>.,item.identify_full,self,low,^On the ground: (?P<item>.+)\.$,identify_fully_item(): floor; spells2.c:3034,
904,spells2.c,3114,You cannot recharge that item.,item.use.invalid_target,self,low,^You cannot recharge that item\.$,recharge_aux(): item not wand/staff; spells2.c:3114,
905,spells2.c,3130,The recharge backfires!,item.recharge.backfire,self,medium,^The recharge backfires\!$,recharge_aux(): fail roll (i<=1 or one_in_(i)); one charge removed; spells2.c:3127-3131,Followed by 906 unless cfg_safe_recharge.
906,spells2.c,3137,There is a bright flash of light.,item.recharge.destroy,self,medium,^There is a bright flash of light\.$,"recharge_aux(): backfire and !cfg_safe_recharge, item destroyed; spells2.c:3134-3137","Note period (vs ""!"" in 769)."
907,spells2.c,3364,You feel a sudden stirring nearby!,monster.aggravate.speedup,self,high,^You feel a sudden stirring nearby\!$,aggravate_monsters(): at least one monster in range hasted (speed+10) and woken; spells2.c:3362-3365,"If any speed-up, this message; else sleepers only give 908."
908,spells2.c,3365,You hear a sudden stirring in the distance!,monster.aggravate.wake,self,high,^You hear a sudden stirring in the distance\!$,aggravate_monsters(): monsters woken but none hasted; spells2.c:3365,
909,spells2.c,3582,Probing...,probe.start,self,low,^Probing\.\.\.$,probing(): first monster in LOS found; spells2.c:3582,
910,spells2.c,3588,<Monster> has <n> hit points.,probe.hp,self,medium,^(?P<mon>.+?) has (?P<n>\d+) hit points\.$,probing(): per monster in LOS; monster_desc mode 0x04; spells2.c:3585-3588,Gives exact HP of every monster in sight.
911,spells2.c,3600,That's all.,probe.end,self,low,^That's all\.$,probing(): after at least one monster; spells2.c:3598-3600,
912,spells2.c,3672,There is a searing blast of light!,attack.destroy_area,self,high,^There is a searing blast of light\!$,destroy_area() (Banishment-like/Destruction): player within radius; also blinds unless resist; spells2.c:3665-3672,"Blindness follows via set_blind (""You are blind!"") unless resist_blind/resist_lite."
913,spells2.c,3984,The cave ceiling collapses!,attack.earthquake,self,high,^The cave ceiling collapses\!$,earthquake(): randint1(3)==1; spells2.c:3984,Earthquake centred near player. One of 3 random intro texts (913-915).
914,spells2.c,3989,The cave floor twists in an unnatural way!,attack.earthquake,self,high,^The cave floor twists in an unnatural way\!$,earthquake(): randint1(3)==2; spells2.c:3989,
915,spells2.c,3994,The cave quakes!,attack.earthquake,self,high,^The cave quakes\!$,"earthquake(): randint1(3)==3 (default), followed by 916; spells2.c:3994",
916,spells2.c,3995,You are pummeled with debris!,attack.earthquake,self,high,^You are pummeled with debris\!$,earthquake(): after 915; spells2.c:3995,
917,spells2.c,4004,You are severely crushed!,damage.earthquake.crush,self,high,^You are severely crushed\!$,earthquake(): no safe adjacent grid (sn==0): 300 damage; spells2.c:4001-4004,Likely fatal (300 dmg).
918,spells2.c,4016,You nimbly dodge the blast!,damage.earthquake.dodge,self,high,^You nimbly dodge the blast\!$,"earthquake(): safe grid exists, randint1(3)==1: no damage; spells2.c:4014-4018",
919,spells2.c,4022,You are bashed by rubble!,damage.earthquake,self,high,^You are bashed by rubble\!$,earthquake(): randint1(3)==2: 10d4 damage + stun; spells2.c:4020-4025,
920,spells2.c,4029,You are crushed between the floor and ceiling!,damage.earthquake,self,high,^You are crushed between the floor and ceiling\!$,earthquake(): randint1(3)==3: 10d4 damage + stun; spells2.c:4027-4032,
921,spells2.c,4119,<Monster> wails out in pain!,monster.earthquake.hurt,self,low,^(?P<mon>.+?) wails out in pain!$,"earthquake(): monster damaged by quake, visible to players; spells2.c:4119",
922,spells2.c,4146,<Monster> is embedded in the rock!,monster.earthquake.death,self,low,^(?P<mon>.+?) is embedded in the rock!$,"earthquake(): monster killed by quake (deleted, no XP); spells2.c:4146",
923,spells2.c,4355,<Monster> wakes up.,monster.wake,self,medium,^(?P<mon>.+?) wakes up\.$,"cave_temp_room_lite(): sleeping monster in room being lit wakes with chance 25% (10% RF2_STUPID, 100% RF2_SMART) and is visible to the player; spells2.c:4330-4355",Only for lighting spells (Light Room etc.).
924,spells2.c,4544,You are surrounded by a white light.,light.area,self,low,^You are surrounded by a white light\.$,lite_area(): lighting spell/effect cast; spells2.c:4544,
925,spells2.c,4569,Darkness surrounds you.,light.darkness,self,low,^Darkness surrounds you\.$,unlite_area(): darkness spell/effect; spells2.c:4569,
926,spells2.c,4810,You hear a loud crackling sound.,spell.clone,self,low,^You hear a loud crackling sound\.$,clone_monster(): player level >= 10; spells2.c:4805-4810,Clone monster wand effect is reduced in this server.
927,spells2.c,4860,<name> sustains reality.,spell.alter_reality.fail,self,low,^(?P<name>.+?) sustains reality\.$,alter_reality(): another player on level saves (skill_fos check) and blocks caster; spells2.c:4860,"name = ""Someone"" if not in LOS."
928,spells2.c,4861,You resist <name>'s attempt to alter reality.,spell.alter_reality.resisted,self,low,^You resist (?P<name>.+?)'s attempt to alter reality\.$,alter_reality(): sent to the blocking player; spells2.c:4861,"name = ""someone"" if not in LOS."
929,spells2.c,4877,The world changes!,level.change.alter_reality,self,high,^The world changes\!$,alter_reality(): every player on the depth (q_ptr) gets new level (LEVEL_RAND); spells2.c:4872-4878,Level regenerates around the player; also hits other players on the level.
930,spells2.c,4963,Your bolts are covered in a fiery aura!,item.brand,self,low,^Your bolts are covered in a fiery aura\!$,brand_bolts(): 25% per stack of plain bolts; spells2.c:4963,
931,spells2.c,4985,The fiery enchantment failed.,item.brand.fail,self,low,^The fiery enchantment failed\.$,brand_bolts(): no bolt stack chosen; spells2.c:4985,
932,spells2.c,5004,You are surrounded by a malignant aura.,stat.drain.all.ring_of_power,self,high,^You are surrounded by a malignant aura\.$,"ring_of_power() randint1(10) in 1-2: all six stats drained permanently (dec_stat 50,TRUE) and 1/4 exp lost; spells2.c:5001-5020",No per-stat message.
933,spells2.c,5025,You are surrounded by a powerful aura.,spell.dispel,self,medium,^You are surrounded by a powerful aura\.$,ring_of_power() case 3: dispel monsters 1000; spells2.c:5022-5027,
1204,xtra1.c,1686,You have forgotten the <spell|prayer|...> of <name>.,spell.forget,self,low,^You have forgotten the (?P<kind>\w+) of (?P<name>.+?)\.$,"calc_spells(): first loop (forget spells which are too hard) (spell level > char level, e.g. level drain); p = ""spell""/""prayer""; xtra1.c:1660-1687",Casters only.
1205,xtra1.c,1718,You have forgotten the <spell|prayer> of <name>.,spell.forget,self,low,^You have forgotten the (?P<kind>\w+) of (?P<name>.+?)\.$,"calc_spells(): second loop (forget spells if we know too many) (new_spells<0, e.g. INT/WIS loss); spell name from spell_names[mtype]; xtra1.c:1697-1718",
1206,xtra1.c,1756,You have remembered the <spell|prayer> of <name>.,spell.remember,self,low,^You have remembered the (?P<kind>\w+) of (?P<name>.+?)\.$,calc_spells(): forgotten spell relearned; xtra1.c:1756,
1207,xtra1.c,1795,You can learn some new <spell|prayer>s now.,spell.can_learn,self,low,^You can learn some new (?P<kind>\w+)s now\.$,calc_spells(): new_spells>0 and old_spells==0; xtra1.c:1791-1795,Level-up / stat gain notification (caster).
1208,xtra1.c,1950,Your covered hands feel unsuitable for spellcasting.,equip.gloves.encumber,self,low,^Your covered hands feel unsuitable for spellcasting\.$,calc_mana(): cumber_glove turned on (gloves worn by arcane caster); xtra1.c:1950,
1209,xtra1.c,1954,Your hands feel more suitable for spellcasting.,equip.gloves.ok,self,low,^Your hands feel more suitable for spellcasting\.$,calc_mana(): glove state off; xtra1.c:1954,
1210,xtra1.c,1968,The weight of your armor encumbers your movement.,equip.armor.encumber,self,medium,^The weight of your armor encumbers your movement\.$,calc_mana(): cumber_armor turned on (mana reduced); xtra1.c:1968,
1211,xtra1.c,1972,You feel able to move more freely.,equip.armor.ok,self,low,^You feel able to move more freely\.$,calc_mana(): armor state off; xtra1.c:1972,
1212,xtra1.c,3058,You have trouble wielding such a heavy bow.,equip.bow.heavy,self,medium,^You have trouble wielding such a heavy bow\.$,calc_bonuses(): heavy_shoot turned on; xtra1.c:3058,Shooting penalty.
1213,xtra1.c,3062,You have no trouble wielding your bow.,equip.bow.ok,self,low,^You have no trouble wielding your bow\.$,calc_bonuses(): heavy_shoot off with bow still equipped; xtra1.c:3062,
1214,xtra1.c,3066,You feel relieved to put down your heavy bow.,equip.bow.removed,self,low,^You feel relieved to put down your heavy bow\.$,calc_bonuses(): heavy bow removed; xtra1.c:3066,
1215,xtra1.c,3079,You have trouble wielding such a heavy weapon.,equip.weapon.heavy,self,medium,^You have trouble wielding such a heavy weapon\.$,calc_bonuses(): heavy_wield on; xtra1.c:3079,Melee penalty.
1216,xtra1.c,3083,You have no trouble wielding your weapon.,equip.weapon.ok,self,low,^You have no trouble wielding your weapon\.$,calc_bonuses(): xtra1.c:3083,
1217,xtra1.c,3087,You feel relieved to put down your heavy weapon.,equip.weapon.removed,self,low,^You feel relieved to put down your heavy weapon\.$,calc_bonuses(): xtra1.c:3087,
1218,xtra1.c,3100,You do not feel comfortable with your weapon.,equip.weapon.uncomfortable,self,medium,^You do not feel comfortable with your weapon\.$,calc_bonuses(): priest wielding pointed/non-blessed weapon (icky_wield on); xtra1.c:3100,Priest penalty.
1219,xtra1.c,3104,You feel comfortable with your weapon.,equip.weapon.comfortable,self,low,^You feel comfortable with your weapon\.$,calc_bonuses(): xtra1.c:3104,
1220,xtra1.c,3108,You feel more comfortable after removing your weapon.,equip.weapon.removed,self,low,^You feel more comfortable after removing your weapon\.$,calc_bonuses(): xtra1.c:3108,
1221,xtra1.c,3268,"(flush, no text)",system.flush,self,none,^(?!)$,"redraw_stuff(): PR_WIPE -> msg_print(p_ptr,NULL); xtra1.c:3268",
1222,xtra2.c,28,Nobody to use the power with.,system.dm.get_player,self,none,^Nobody to use the power with\.$,get_player(): DM power with no other player; xtra2.c:28,DM-only.
1223,xtra2.c,54,Player is not on.,system.dm.get_player,self,none,^Player is not on\.$,get_player(): DM names offline player; xtra2.c:54,DM-only.
1224,xtra2.c,105,<name> gropes around blindly!,status.blind.on,others,low,^(?P<name>.+?) gropes around blindly!$,set_blind(v>0) when p_ptr->blind==0; xtra2.c:105,Sent only on the transition (status was off -> on). Re-applying while already active is SILENT.
1225,xtra2.c,106,You are blind!,status.blind.on,self,high,^You are blind\!$,set_blind(v>0) when p_ptr->blind==0; xtra2.c:106,Sent only on the transition (status was off -> on). Re-applying while already active is SILENT. Not for DM_INVULNERABLE admin (xtra2.c:98).
1226,xtra2.c,117,<name> can see again.,status.blind.off,others,low,^(?P<name>.+?) can see again\.$,set_blind(0) when blind; xtra2.c:117,"Sent only on the transition (status was on -> off), i.e. when the timer reaches 0 or a cure is applied while active."
1227,xtra2.c,118,You can see again.,status.blind.off,self,high,^You can see again\.$,set_blind(0) when blind; xtra2.c:118,"Sent only on the transition (status was on -> off), i.e. when the timer reaches 0 or a cure is applied while active."
1228,xtra2.c,174,<name> appears confused!,status.confused.on,others,low,^(?P<name>.+?) appears confused!$,set_confused(v>0) when not confused; xtra2.c:174,Sent only on the transition (status was off -> on). Re-applying while already active is SILENT.
1229,xtra2.c,175,You are confused!,status.confused.on,self,high,^You are confused\!$,set_confused(v>0) when not confused; xtra2.c:175,Sent only on the transition (status was off -> on). Re-applying while already active is SILENT.
1230,xtra2.c,186,You feel less confused now.,status.confused.off,self,high,^You feel less confused now\.$,set_confused(0) when confused; xtra2.c:186,"Sent only on the transition (status was on -> off), i.e. when the timer reaches 0 or a cure is applied while active. (no ""others"" message for the off transition)."
1231,xtra2.c,227,You are poisoned!,status.poisoned.on,self,high,^You are poisoned\!$,set_poisoned(v>0) when not poisoned; xtra2.c:227,Sent only on the transition (status was off -> on). Re-applying while already active is SILENT.
1232,xtra2.c,238,You are no longer poisoned.,status.poisoned.off,self,high,^You are no longer poisoned\.$,set_poisoned(0) when poisoned; xtra2.c:238,"Sent only on the transition (status was on -> off), i.e. when the timer reaches 0 or a cure is applied while active."
1233,xtra2.c,279,<name> cowers in fear!,status.afraid.on,others,low,^(?P<name>.+?) cowers in fear!$,set_afraid(v>0) when not afraid; xtra2.c:279,Sent only on the transition (status was off -> on). Re-applying while already active is SILENT.
1234,xtra2.c,280,You are terrified!,status.afraid.on,self,high,^You are terrified\!$,set_afraid(v>0) when not afraid; xtra2.c:280,Sent only on the transition (status was off -> on). Re-applying while already active is SILENT. Afraid = cannot melee.
1235,xtra2.c,291,<name> appears bolder now.,status.afraid.off,others,low,^(?P<name>.+?) appears bolder now\.$,set_afraid(0) when afraid; xtra2.c:291,"Sent only on the transition (status was on -> off), i.e. when the timer reaches 0 or a cure is applied while active."
1236,xtra2.c,292,You feel bolder now.,status.afraid.off,self,high,^You feel bolder now\.$,set_afraid(0) when afraid; xtra2.c:292,"Sent only on the transition (status was on -> off), i.e. when the timer reaches 0 or a cure is applied while active."
1237,xtra2.c,333,<name> becomes rigid!,status.paralyzed.on,others,low,^(?P<name>.+?) becomes rigid!$,set_paralyzed(v>0) when not paralyzed; xtra2.c:333,Sent only on the transition (status was off -> on). Re-applying while already active is SILENT.
1238,xtra2.c,334,You are paralyzed!,status.paralyzed.on,self,high,^You are paralyzed\!$,set_paralyzed(v>0) when not paralyzed; xtra2.c:334,Sent only on the transition (status was off -> on). Re-applying while already active is SILENT. Player cannot act; commands are lost.
1239,xtra2.c,345,<name> can move again.,status.paralyzed.off,others,low,^(?P<name>.+?) can move again\.$,set_paralyzed(0) when paralyzed; xtra2.c:345,"Sent only on the transition (status was on -> off), i.e. when the timer reaches 0 or a cure is applied while active."
1240,xtra2.c,346,You can move again.,status.paralyzed.off,self,high,^You can move again\.$,set_paralyzed(0) when paralyzed; xtra2.c:346,"Sent only on the transition (status was on -> off), i.e. when the timer reaches 0 or a cure is applied while active."
1241,xtra2.c,389,You feel drugged!,status.hallucinate.on,self,high,^You feel drugged\!$,set_image(v>0) when not hallucinating; xtra2.c:389,Sent only on the transition (status was off -> on). Re-applying while already active is SILENT. Monster names/glyphs become unreliable.
1242,xtra2.c,400,You can see clearly again.,status.hallucinate.off,self,high,^You can see clearly again\.$,set_image(0) when hallucinating; xtra2.c:400,"Sent only on the transition (status was on -> off), i.e. when the timer reaches 0 or a cure is applied while active."
1243,xtra2.c,450,<name> begins moving faster!,status.fast.on,others,low,^(?P<name>.+?) begins moving faster!$,set_fast(v>0) when not fast; xtra2.c:450,Sent only on the transition (status was off -> on). Re-applying while already active is SILENT.
1244,xtra2.c,451,You feel yourself moving faster!,status.fast.on,self,high,^You feel yourself moving faster\!$,set_fast(v>0) when not fast; xtra2.c:451,Sent only on the transition (status was off -> on). Re-applying while already active is SILENT. Drinking speed while already hasted gives NO message (only the timer extends).
1245,xtra2.c,462,<name> slows down.,status.fast.off,others,low,^(?P<name>.+?) slows down\.$,set_fast(0) when fast; xtra2.c:462,"Sent only on the transition (status was on -> off), i.e. when the timer reaches 0 or a cure is applied while active."
1246,xtra2.c,463,You feel yourself slow down.,status.fast.off,self,high,^You feel yourself slow down\.$,set_fast(0) when fast; xtra2.c:463,"Sent only on the transition (status was on -> off), i.e. when the timer reaches 0 or a cure is applied while active."
1247,xtra2.c,504,<name> begins moving slower!,status.slow.on,others,low,^(?P<name>.+?) begins moving slower!$,set_slow(v>0) when not slow; xtra2.c:504,Sent only on the transition (status was off -> on). Re-applying while already active is SILENT.
1248,xtra2.c,505,You feel yourself moving slower!,status.slow.on,self,high,^You feel yourself moving slower\!$,set_slow(v>0) when not slow; xtra2.c:505,Sent only on the transition (status was off -> on). Re-applying while already active is SILENT.
1249,xtra2.c,516,<name> speeds up.,status.slow.off,others,low,^(?P<name>.+?) speeds up\.$,set_slow(0) when slow; xtra2.c:516,"Sent only on the transition (status was on -> off), i.e. when the timer reaches 0 or a cure is applied while active."
1250,xtra2.c,517,You feel yourself speed up.,status.slow.off,self,high,^You feel yourself speed up\.$,set_slow(0) when slow; xtra2.c:517,"Sent only on the transition (status was on -> off), i.e. when the timer reaches 0 or a cure is applied while active."
1251,xtra2.c,558,A mystic shield forms around your body!,status.shield.on,self,medium,^A mystic shield forms around your body\!$,set_shield(v>0) when no shield; xtra2.c:558,Sent only on the transition (status was off -> on). Re-applying while already active is SILENT.
1252,xtra2.c,569,Your mystic shield crumbles away.,status.shield.off,self,medium,^Your mystic shield crumbles away\.$,set_shield(0) when shielded; xtra2.c:569,"Sent only on the transition (status was on -> off), i.e. when the timer reaches 0 or a cure is applied while active."
1253,xtra2.c,611,You feel righteous!,status.blessed.on,self,medium,^You feel righteous\!$,set_blessed(v>0) when not blessed; xtra2.c:611,Sent only on the transition (status was off -> on). Re-applying while already active is SILENT.
1254,xtra2.c,622,The prayer has expired.,status.blessed.off,self,medium,^The prayer has expired\.$,set_blessed(0) when blessed; xtra2.c:622,"Sent only on the transition (status was on -> off), i.e. when the timer reaches 0 or a cure is applied while active."
1255,xtra2.c,663,You feel like a hero!,status.hero.on,self,medium,^You feel like a hero\!$,set_hero(v>0) when not hero; xtra2.c:663,"Sent only on the transition (status was off -> on). Re-applying while already active is SILENT. Hero also cures fear (set_afraid(0) in use-obj/x-spell -> may add ""You feel bolder now."")."
1256,xtra2.c,674,The heroism wears off.,status.hero.off,self,medium,^The heroism wears off\.$,set_hero(0) when hero; xtra2.c:674,"Sent only on the transition (status was on -> off), i.e. when the timer reaches 0 or a cure is applied while active."
1257,xtra2.c,718,You feel like a killing machine!,status.berserk.on,self,medium,^You feel like a killing machine\!$,set_shero(v>0) when not berserk; xtra2.c:718,Sent only on the transition (status was off -> on). Re-applying while already active is SILENT.
1258,xtra2.c,729,You feel less Berserk.,status.berserk.off,self,medium,^You feel less Berserk\.$,set_shero(0) when berserk; xtra2.c:729,"Sent only on the transition (status was on -> off), i.e. when the timer reaches 0 or a cure is applied while active."
1259,xtra2.c,773,You feel safe from evil!,status.protevil.on,self,medium,^You feel safe from evil\!$,set_protevil(v>0) when not protected; xtra2.c:773,Sent only on the transition (status was off -> on). Re-applying while already active is SILENT.
1260,xtra2.c,784,You no longer feel safe from evil.,status.protevil.off,self,medium,^You no longer feel safe from evil\.$,set_protevil(0) when protected; xtra2.c:784,"Sent only on the transition (status was on -> off), i.e. when the timer reaches 0 or a cure is applied while active."
1261,xtra2.c,822,You feel invulnerable!,status.invuln.on,self,medium,^You feel invulnerable\!$,set_invuln(v>0) when not invulnerable; xtra2.c:822,Sent only on the transition (status was off -> on). Re-applying while already active is SILENT.
1262,xtra2.c,833,You feel vulnerable once more.,status.invuln.off,self,high,^You feel vulnerable once more\.$,set_invuln(0) when invulnerable; xtra2.c:833,"Sent only on the transition (status was on -> off), i.e. when the timer reaches 0 or a cure is applied while active. Loss of invulnerability is a danger cue."
1263,xtra2.c,874,Your eyes feel very sensitive!,status.see_invis.on,self,medium,^Your eyes feel very sensitive\!$,set_tim_invis(v>0) when not active; xtra2.c:874,Sent only on the transition (status was off -> on). Re-applying while already active is SILENT.
1264,xtra2.c,885,Your eyes feel less sensitive.,status.see_invis.off,self,medium,^Your eyes feel less sensitive\.$,set_tim_invis(0) when active; xtra2.c:885,"Sent only on the transition (status was on -> off), i.e. when the timer reaches 0 or a cure is applied while active."
1265,xtra2.c,929,Your eyes begin to tingle!,status.infra.on,self,low,^Your eyes begin to tingle\!$,set_tim_infra(v>0) when not active; xtra2.c:929,Sent only on the transition (status was off -> on). Re-applying while already active is SILENT.
1266,xtra2.c,940,Your eyes stop tingling.,status.infra.off,self,low,^Your eyes stop tingling\.$,set_tim_infra(0) when active; xtra2.c:940,"Sent only on the transition (status was on -> off), i.e. when the timer reaches 0 or a cure is applied while active."
1267,xtra2.c,984,You feel resistant to acid!,status.oppose_acid.on,self,medium,^You feel resistant to acid\!$,set_oppose_acid(v>0) when not active; xtra2.c:984,Sent only on the transition (status was off -> on). Re-applying while already active is SILENT.
1268,xtra2.c,995,You feel less resistant to acid.,status.oppose_acid.off,self,medium,^You feel less resistant to acid\.$,set_oppose_acid(0) when active; xtra2.c:995,"Sent only on the transition (status was on -> off), i.e. when the timer reaches 0 or a cure is applied while active."
1269,xtra2.c,1035,You feel resistant to electricity!,status.oppose_elec.on,self,medium,^You feel resistant to electricity\!$,set_oppose_elec(v>0); xtra2.c:1035,Sent only on the transition (status was off -> on). Re-applying while already active is SILENT.
1270,xtra2.c,1046,You feel less resistant to electricity.,status.oppose_elec.off,self,medium,^You feel less resistant to electricity\.$,set_oppose_elec(0); xtra2.c:1046,"Sent only on the transition (status was on -> off), i.e. when the timer reaches 0 or a cure is applied while active."
1271,xtra2.c,1086,You feel resistant to fire!,status.oppose_fire.on,self,medium,^You feel resistant to fire\!$,set_oppose_fire(v>0); xtra2.c:1086,Sent only on the transition (status was off -> on). Re-applying while already active is SILENT.
1272,xtra2.c,1097,You feel less resistant to fire.,status.oppose_fire.off,self,medium,^You feel less resistant to fire\.$,set_oppose_fire(0); xtra2.c:1097,"Sent only on the transition (status was on -> off), i.e. when the timer reaches 0 or a cure is applied while active."
1273,xtra2.c,1137,You feel resistant to cold!,status.oppose_cold.on,self,medium,^You feel resistant to cold\!$,set_oppose_cold(v>0); xtra2.c:1137,Sent only on the transition (status was off -> on). Re-applying while already active is SILENT.
1274,xtra2.c,1148,You feel less resistant to cold.,status.oppose_cold.off,self,medium,^You feel less resistant to cold\.$,set_oppose_cold(0); xtra2.c:1148,"Sent only on the transition (status was on -> off), i.e. when the timer reaches 0 or a cure is applied while active."
1275,xtra2.c,1188,You feel resistant to poison!,status.oppose_pois.on,self,medium,^You feel resistant to poison\!$,set_oppose_pois(v>0); xtra2.c:1188,Sent only on the transition (status was off -> on). Re-applying while already active is SILENT.
1276,xtra2.c,1199,You feel less resistant to poison.,status.oppose_pois.off,self,medium,^You feel less resistant to poison\.$,set_oppose_pois(0); xtra2.c:1199,"Sent only on the transition (status was on -> off), i.e. when the timer reaches 0 or a cure is applied while active."
1277,xtra2.c,1298,<name> appears stunned.,status.stun.on,others,low,^(?P<name>.+?) appears stunned\.$,set_stun(): new level 1 > old level; xtra2.c:1298,"set_stun(): level-based; message only when the stun LEVEL changes (levels: >0 stun, >50 heavy, >100 knocked out); going down one level without reaching 0 is silent. DM_INVULNERABLE exempt (xtra2.c:1236)."
1278,xtra2.c,1299,You have been stunned.,status.stun.on,self,high,^You have been stunned\.$,set_stun(): 0 -> stun level 1 (or from 0); xtra2.c:1299,"set_stun(): level-based; message only when the stun LEVEL changes (levels: >0 stun, >50 heavy, >100 knocked out); going down one level without reaching 0 is silent. DM_INVULNERABLE exempt (xtra2.c:1236). Stun reduces to-hit."
1279,xtra2.c,1305,<name> is very stunned.,status.stun.worse,others,low,^(?P<name>.+?) is very stunned\.$,set_stun(): new level 2 > old; xtra2.c:1305,"set_stun(): level-based; message only when the stun LEVEL changes (levels: >0 stun, >50 heavy, >100 knocked out); going down one level without reaching 0 is silent. DM_INVULNERABLE exempt (xtra2.c:1236)."
1280,xtra2.c,1306,You have been heavily stunned.,status.stun.worse,self,high,^You have been heavily stunned\.$,set_stun(): level 2 (stun >50) reached from lower level; xtra2.c:1306,"set_stun(): level-based; message only when the stun LEVEL changes (levels: >0 stun, >50 heavy, >100 knocked out); going down one level without reaching 0 is silent. DM_INVULNERABLE exempt (xtra2.c:1236)."
1281,xtra2.c,1312,<name> has been knocked out.,status.stun.worse,others,low,^(?P<name>.+?) has been knocked out\.$,set_stun(): level 3; xtra2.c:1312,"set_stun(): level-based; message only when the stun LEVEL changes (levels: >0 stun, >50 heavy, >100 knocked out); going down one level without reaching 0 is silent. DM_INVULNERABLE exempt (xtra2.c:1236)."
1282,xtra2.c,1313,You have been knocked out.,status.stun.worse,self,high,^You have been knocked out\.$,set_stun(): level 3 (stun >100) - player knocked out (cannot act); xtra2.c:1313,"set_stun(): level-based; message only when the stun LEVEL changes (levels: >0 stun, >50 heavy, >100 knocked out); going down one level without reaching 0 is silent. DM_INVULNERABLE exempt (xtra2.c:1236)."
1283,xtra2.c,1330,<name> is no longer stunned.,status.stun.off,others,low,^(?P<name>.+?) is no longer stunned\.$,set_stun(): new level 0 < old level; xtra2.c:1330,"set_stun(): level-based; message only when the stun LEVEL changes (levels: >0 stun, >50 heavy, >100 knocked out); going down one level without reaching 0 is silent. DM_INVULNERABLE exempt (xtra2.c:1236)."
1284,xtra2.c,1331,You are no longer stunned.,status.stun.off,self,high,^You are no longer stunned\.$,set_stun(): new level 0 < old level; xtra2.c:1331,"set_stun(): level-based; message only when the stun LEVEL changes (levels: >0 stun, >50 heavy, >100 knocked out); going down one level without reaching 0 is silent. DM_INVULNERABLE exempt (xtra2.c:1236)."
1285,xtra2.c,1482,You have been given a graze.,status.cut.on,self,medium,^You have been given a graze\.$,set_cut(): new level 1 (cut>0) reached and greater than old level; xtra2.c:1482,"set_cut(): level-based; one message per level ENTERED (rising only); falling but still cut is silent; only the fall to 0 says ""no longer bleeding""."
1286,xtra2.c,1488,You have been given a light cut.,status.cut.worse,self,medium,^You have been given a light cut\.$,set_cut(): new level 2 (>10) reached and greater than old level; xtra2.c:1488,"set_cut(): level-based; one message per level ENTERED (rising only); falling but still cut is silent; only the fall to 0 says ""no longer bleeding""."
1287,xtra2.c,1494,You have been given a bad cut.,status.cut.worse,self,medium,^You have been given a bad cut\.$,set_cut(): new level 3 (>25) reached and greater than old level; xtra2.c:1494,"set_cut(): level-based; one message per level ENTERED (rising only); falling but still cut is silent; only the fall to 0 says ""no longer bleeding""."
1288,xtra2.c,1500,You have been given a nasty cut.,status.cut.worse,self,medium,^You have been given a nasty cut\.$,set_cut(): new level 4 (>50) reached and greater than old level; xtra2.c:1500,"set_cut(): level-based; one message per level ENTERED (rising only); falling but still cut is silent; only the fall to 0 says ""no longer bleeding""."
1289,xtra2.c,1506,You have been given a severe cut.,status.cut.worse,self,high,^You have been given a severe cut\.$,set_cut(): new level 5 (>100) reached and greater than old level; xtra2.c:1506,"set_cut(): level-based; one message per level ENTERED (rising only); falling but still cut is silent; only the fall to 0 says ""no longer bleeding""."
1290,xtra2.c,1512,You have been given a deep gash.,status.cut.worse,self,high,^You have been given a deep gash\.$,set_cut(): new level 6 (>200) reached and greater than old level; xtra2.c:1512,"set_cut(): level-based; one message per level ENTERED (rising only); falling but still cut is silent; only the fall to 0 says ""no longer bleeding""."
1291,xtra2.c,1518,You have been given a mortal wound.,status.cut.worse,self,high,^You have been given a mortal wound\.$,set_cut(): new level 7 (>1000) reached and greater than old level; xtra2.c:1518,"set_cut(): level-based; one message per level ENTERED (rising only); falling but still cut is silent; only the fall to 0 says ""no longer bleeding""."
1292,xtra2.c,1535,You are no longer bleeding.,status.cut.off,self,high,^You are no longer bleeding\.$,set_cut(): new level 0 < old; xtra2.c:1535,"set_cut(): level-based; one message per level ENTERED (rising only); falling but still cut is silent; only the fall to 0 says ""no longer bleeding""."
1293,xtra2.c,1687,You are still weak.,hunger.weak.better,self,medium,^You are still weak\.$,set_food(): rising from Faint into Weak band; xtra2.c:1687,set_food(): only on change of hunger band. Ghosts get no hunger messages (xtra2.c:1655-1660).
1294,xtra2.c,1692,You are still hungry.,hunger.hungry.better,self,medium,^You are still hungry\.$,set_food(): rising into Hungry band from Weak; xtra2.c:1692,set_food(): only on change of hunger band. Ghosts get no hunger messages (xtra2.c:1655-1660).
1295,xtra2.c,1697,You are no longer hungry.,hunger.ok,self,medium,^You are no longer hungry\.$,set_food(): rising into Normal band; xtra2.c:1697,set_food(): only on change of hunger band. Ghosts get no hunger messages (xtra2.c:1655-1660). Confirms eating worked.
1296,xtra2.c,1702,You are full!,hunger.full,self,medium,^You are full\!$,set_food(): rising into Full band; xtra2.c:1702,set_food(): only on change of hunger band. Ghosts get no hunger messages (xtra2.c:1655-1660).
1297,xtra2.c,1707,You have gorged yourself!,hunger.gorged,self,medium,^You have gorged yourself\!$,set_food(): rising into Gorged band; xtra2.c:1707,set_food(): only on change of hunger band. Ghosts get no hunger messages (xtra2.c:1655-1660). Gorged makes the player slow in vanilla (calc_bonuses) [not checked].
1298,xtra2.c,1723,You are getting faint from hunger!,hunger.faint,self,high,^You are getting faint from hunger\!$,set_food(): falling into Fainting band (food<PY_FOOD_FAINT); xtra2.c:1723,set_food(): only on change of hunger band. Ghosts get no hunger messages (xtra2.c:1655-1660). Fainting = random paralysis (dungeon.c) [not checked here].
1299,xtra2.c,1729,You are getting weak from hunger!,hunger.weak,self,high,^You are getting weak from hunger\!$,set_food(): falling into Weak band; xtra2.c:1729,set_food(): only on change of hunger band. Ghosts get no hunger messages (xtra2.c:1655-1660).
1300,xtra2.c,1735,You are getting hungry.,hunger.hungry,self,medium,^You are getting hungry\.$,set_food(): falling into Hungry band; xtra2.c:1735,set_food(): only on change of hunger band. Ghosts get no hunger messages (xtra2.c:1655-1660).
1301,xtra2.c,1741,You are no longer full.,hunger.not_full,self,low,^You are no longer full\.$,set_food(): falling from Full to Normal; xtra2.c:1741,set_food(): only on change of hunger band. Ghosts get no hunger messages (xtra2.c:1655-1660).
1302,xtra2.c,1747,You are no longer gorged.,hunger.not_gorged,self,low,^You are no longer gorged\.$,set_food(): falling from Gorged to Full; xtra2.c:1747,set_food(): only on change of hunger band. Ghosts get no hunger messages (xtra2.c:1655-1660).
1303,xtra2.c,1826,Dropped back to level <n>.,exp.level_down,self,medium,^Dropped back to level (?P<n>\d+)\.$,check_experience(): exp below level threshold (exp drain); xtra2.c:1820-1826,Loops: one message per level lost.
1304,xtra2.c,1828,<name> has dropped to level <n>.,exp.level_down,all,low,^(?P<name>.+?) has dropped to level (?P<n>\d+)\.$,check_experience(): msg_broadcast to every OTHER player (skips self); msg_type MSG_CHAT; xtra2.c:1827-1828,
1305,xtra2.c,1862,Welcome to level <n>.,exp.level_up,self,medium,^Welcome to level (?P<n>\d+)\.$,check_experience(): level gained (one per level); xtra2.c:1862,
1306,xtra2.c,1864,<name> has attained level <n>.,exp.level_up,all,low,^(?P<name>.+?) has attained level (?P<n>\d+)\.$,check_experience(): msg_broadcast to every other player; xtra2.c:1863-1864,
1307,xtra2.c,2138,<unique> was slain by <name>.,monster.death.unique,self,high,^(?P<mon>.+?) was slain by (?P<name>.+?)\.$,monster_death(): killed monster is a unique; message to the killer (p_ptr); xtra2.c:2133-2138,Only for uniques. Text names the killer. Non-unique kills use rows 1332-1339.
1308,xtra2.c,2149,<unique> was slain by <name|party>.,monster.death.unique,all,low,^(?P<mon>.+?) was slain by (?P<name>.+?)\.$,monster_death(): msg_broadcast (buf; if party total>1 the party name replaces the killer); xtra2.c:2141-2149,Broadcast excludes the killer; may reach the killer-party members as broadcast too.
1309,xtra2.c,2234,*** CONGRATULATIONS ***,player.win,self,low,^\*\*\* CONGRATULATIONS \*\*\*$,monster_death(): Morgoth (DROP_CHOSEN) killed by a winner; xtra2.c:2234,
1310,xtra2.c,2235,You have won the game!,player.win,self,low,^You have won the game\!$,monster_death(): xtra2.c:2235,
1311,xtra2.c,2236,You may retire (commit suicide) when you are ready.,player.win,self,low,^You may retire \(commit suicide\) when you are ready\.$,monster_death(): xtra2.c:2236,
1312,xtra2.c,2290,A magical stairway appears...,level.stairs_appear,self,medium,^A magical stairway appears\.\.\.$,"monster_death(): quest monster killed, stairs created; xtra2.c:2290",
1313,xtra2.c,2401,You leave the arena.,arena.leave,self,low,^You leave the arena\.$,"access_arena(): player in arena, alone; xtra2.c:2401",
1314,xtra2.c,2406,There is a wall blocking your way.,arena.blocked,self,low,^There is a wall blocking your way\.$,access_arena(): leaving while opponent present; xtra2.c:2406,Not a normal terrain wall message.
1315,xtra2.c,2414,You enter an ancient fighting pit.,arena.enter,self,low,^You enter an ancient fighting pit\.$,access_arena(); xtra2.c:2414,
1316,xtra2.c,2419,Arena is currently occupied.,arena.busy,self,low,^Arena is currently occupied\.$,access_arena(); xtra2.c:2419,
1317,xtra2.c,2452,You knock <name> out.,arena.win,self,low,^You knock (?P<name>.+?) out\.$,evacuate_arena(): to the winner (q_ptr) about the loser (p_ptr); xtra2.c:2449-2452,buf built at xtra2.c:2449 via sprintf.
1318,xtra2.c,2454,<name> was defeated by <name2>.,arena.result,all,low,^(?P<name>.+?) was defeated by (?P<name2>.+?)\.$,"evacuate_arena(): msg_broadcast(NULL,...) - to EVERYONE; xtra2.c:2453-2454",
1319,xtra2.c,2455,You recover oneself outside the arena.,arena.lose,self,low,^You recover oneself outside the arena\.$,evacuate_arena(): to loser; xtra2.c:2455,(sic)
1320,xtra2.c,2456,You gloriously leave the arena.,arena.win,self,low,^You gloriously leave the arena\.$,evacuate_arena(): to winner; xtra2.c:2456,
1321,xtra2.c,2516,<unique> rises from the dead!,monster.unique.resurrect,self,medium,^(?P<mon>.+?) rises from the dead!$,"ressurect_uniques(): on player death, killed uniques above 65% of max_dlv are un-killed; xtra2.c:2500-2516",Sent when player dies (arrives with death messages).
1322,xtra2.c,2676,You lose consciousness.,player.arena_ko,self,medium,^You lose consciousness\.$,player_death(): death while in arena (no real death); xtra2.c:2672-2677,
1323,xtra2.c,2695,You die.,player.death,self,high,^You die\.$,player_death(): real death of a living (non-ghost) player; xtra2.c:2692-2695,"Followed by flush, then (if not ironman/no-ghost) ""You have been killed by <killer>."" (1330)."
1324,xtra2.c,2696,"(flush, no text)",system.flush,self,none,^(?!)$,"player_death() after ""You die.""; xtra2.c:2696",
1325,xtra2.c,2701,Your incorporeal body fades away - FOREVER.,player.death.ghost,self,high,^Your incorporeal body fades away - FOREVER\.$,player_death(): ghost destroyed; xtra2.c:2701,Permanent death.
1326,xtra2.c,2702,"(flush, no text)",system.flush,self,none,^(?!)$,xtra2.c:2702,
1327,xtra2.c,2720,"<name> committed suicide. / The unbeatable <name> has retired to a warm, sunny climate. / <name> was turned into a fruit bat by <killer>! / The brave hero <name> the level <n> <race> <class> was killed by <killer>. / <name> the level <n> <race> <class> was killed by <killer>.",player.death.announce,all,low,"^(?P<name>.+?) (?:committed suicide|was turned into a fruit bat by (?P<killer>.+?)!|the level (?P<n>\d+) (?P<race>.+?) (?P<cls>.+?) was killed by (?P<killer2>.+?))\.?$|^The unbeatable (?P<name2>.+?) has retired to a warm, sunny climate\.$|^The brave hero (?P<name3>.+?) the level (?P<n3>\d+) .+? was killed by .+?\.$","player_death(): msg_broadcast to every OTHER player; variants at xtra2.c:2709-2720 (suicide/retire) and 2745-2762 (normal death: fruit bat, brave/no-ghost, normal); hidden if DM SECRET_PRESENCE or level<2 suicide",Five distinct texts on one call site (2720 suicide/retired; 2762 the three death variants).
1328,xtra2.c,2736,<name>'s ghost was destroyed by <killer>.,player.death.announce,all,low,^(?P<name>.+?)'s ghost was destroyed by (?P<killer>.+?)\.$,player_death(): broadcast when a ghost is destroyed; xtra2.c:2736,
1329,xtra2.c,2762,(see 1327: normal-death announcements),player.death.announce,all,low,^(?!)$,player_death(): msg_broadcast(buf) at xtra2.c:2762,Same texts as row 1327 (three variants).
1330,xtra2.c,2799,You have been killed by <killer>.,player.death.ghost_form,self,high,^You have been killed by (?P<killer>.+?)\.$,"player_death(): after death, if not ironman/no-ghost server option and not fruit bat: player becomes a ghost, teleported 200; xtra2.c:2797-2806",Not sent for ironman or NO_GHOST option (character deleted) and not for fruit bat. The text names the killer (monster or trap).
1331,xtra2.c,2881,You feel life return to your body.,player.resurrect,self,medium,^You feel life return to your body\.$,resurrect_player(): ghost revived; xtra2.c:2881,
1332,xtra2.c,2979,<Monster><note>,monster.death.note,others,low,^(?P<mon>[A-Z].*?)(?P<note>(?: resists a lot\.| resists somewhat\.| resists\.| is immune\.| is unaffected!| spawns!| looks healthier\.| starts moving faster\.| starts moving slower\.| falls asleep!| cringes from the light!| shrivels away in the light!| loses some skin!| dissolves!| shudders\.| changes!| disappears!| is more dazed\.| is dazed\.| looks more confused\.| looks confused\.| dies\.| is destroyed\.))$,"mon_take_hit(): kill by missile/spell with note (e.g. "" dies."", "" is destroyed."", "" dissolves!"", "" shrivels away in the light!""); msg_format_near to others; xtra2.c:2977-2979",Others see the kill without the player's name.
1333,xtra2.c,2980,<Monster><note>,monster.death.note,self,high,^(?P<mon>[A-Z].*?)(?P<note>(?: resists a lot\.| resists somewhat\.| resists\.| is immune\.| is unaffected!| spawns!| looks healthier\.| starts moving faster\.| starts moving slower\.| falls asleep!| cringes from the light!| shrivels away in the light!| loses some skin!| dissolves!| shudders\.| changes!| disappears!| is more dazed\.| is dazed\.| looks more confused\.| looks confused\.| dies\.| is destroyed\.))$,"mon_take_hit(): killing blow by spell/missile with note (default note_dies "" dies."" from project_m spells1.c:2351; "" is destroyed."" for nonliving:2403); xtra2.c:2980","Kill confirmation for spells/arrows/wands. Melee kills say ""You have slain/destroyed/killed X."" (1335-1339)."
1334,xtra2.c,2986,<name> has killed <monster>.,monster.death.player_kill,others,low,^(?P<name>.+?) has killed (?P<mon>.+?)\.$,mon_take_hit(): melee kill of an unseen monster (mon_vis false); to others; xtra2.c:2986,
1335,xtra2.c,2987,You have killed <monster>.,player.kill,self,medium,^You have killed (?P<mon>.+?)\.$,"mon_take_hit(): melee/no-note kill when the monster was NOT visible (name = ""it""); xtra2.c:2984-2987",
1336,xtra2.c,2996,<name> has destroyed <monster>.,player.kill,others,low,^(?P<name>.+?) has destroyed (?P<mon>.+?)\.$,"mon_take_hit(): nonliving monster (RF3_DEMON/UNDEAD, RF2_STUPID, or char in ""Evg""); xtra2.c:2996",
1337,xtra2.c,2997,You have destroyed <monster>.,player.kill,self,medium,^You have destroyed (?P<mon>.+?)\.$,mon_take_hit(): nonliving monster killed without note; xtra2.c:2997,
1338,xtra2.c,3003,<name> has slain <monster>.,player.kill,others,low,^(?P<name>.+?) has slain (?P<mon>.+?)\.$,mon_take_hit(): living monster; xtra2.c:3003,
1339,xtra2.c,3004,You have slain <monster>.,player.kill,self,medium,^You have slain (?P<mon>.+?)\.$,mon_take_hit(): living visible monster killed without note; xtra2.c:3004,"This or ""destroyed"" or ""killed"" = melee/no-note kill."
1340,xtra2.c,4999,You are confused.,dead_code,self,none,^You are confused\.$,get_rep_dir(): inside a comment; xtra2.c:4999,"NOT SENT: commented out (/* msg_print(""You are confused.""); */)."
1341,xtra2.c,5041,You are confused.,dead_code,self,none,^You are confused\.$,confuse_dir(): inside a comment; xtra2.c:5041,NOT SENT: commented out. Confused aiming is silent: direction is randomised (75%) with no message.
1342,xtra2.c,5736,"<social text: others_found with <name>, <victim>>",social.others,others,low,^.+$,do_cmd_social(): target is a monster; msg_format_complex_near MSG_SOCIAL from socials.txt; xtra2.c:5736,"Text comes from lib/edit/socials.txt, not fixed in code."
1343,xtra2.c,5743,<social text: others_found>,social.others,others,low,^.+$,do_cmd_social(): target is a player; to bystanders; xtra2.c:5743,
1344,xtra2.c,5746,<social text: vict_found>,social.victim,self,low,^.+$,do_cmd_social(): sent to the targeted player; xtra2.c:5746,
1345,xtra2.c,5750,<social text: char_found>,social.self,self,low,^.+$,do_cmd_social(): to the actor when target found; xtra2.c:5750,
1346,xtra2.c,5756,<social text: char_no_arg with direction>,social.self,self,low,^.+$,do_cmd_social(): no target; xtra2.c:5756,
1347,xtra2.c,5758,<social text: others_no_arg>,social.others,others,low,^.+$,"do_cmd_social(): no target, to bystanders; xtra2.c:5758",
1348,xtra2.c,6489,The air about you becomes charged...,dm.effect,self,low,^The air about you becomes charged\.\.\.$,do_cmd_dungeon_master(): DM recall command; xtra2.c:6489,Same text as set_recall (865): a DM could confuse a recall detector.
1349,xtra2.c,6490,The air about <name> becomes charged...,dm.effect,others,low,^The air about (?P<name>.+?) becomes charged\.\.\.$,do_cmd_dungeon_master(): xtra2.c:6490,
1350,xtra2.c,6551,Loading file '<x>',dm.file,self,none,^Loading file '(?P<x>.+?)'$,do_cmd_dungeon_master(): xtra2.c:6551,DM-only.
1351,xtra2.c,6570,Saved file '<x>',dm.file,self,none,^Saved file '(?P<x>.+?)'$,do_cmd_dungeon_master(): xtra2.c:6570,DM-only.
1352,xtra2.c,6879,Loading file '<x>',dm.file,self,none,^Loading file '(?P<x>.+?)'$,do_cmd_dungeon_master(): xtra2.c:6879,DM-only.
