tval,kind,level,effect,class,aware_on_use,cite
scroll,Light,0,"lite_area 2d8 dmg rad 2 to light-sensitive monsters, lights room",HARMLESS,"yes always (lite_area returns TRUE, spells2.c:4537-4552)",use-obj.c:896
scroll,Treasure Detection,0,detect gold nearby,GOOD,only if gold/objects found,use-obj.c:909
scroll,Object Detection,0,detect objects nearby,GOOD,only if objects found,use-obj.c:916
scroll,Identify,1,asks which item to ID; cancel keeps scroll,GOOD,yes always,use-obj.c:823
scroll,Summon Monster,1,"loop k<randint1(3) re-rolled each pass: 1/2/3 monsters = 33/44/22% (mean 1.9); each picked at level (dlv+dlv)/2+5 = dlv+5, placed awake, groups allowed (monster2.c:2552-2594)",DANGEROUS,only if a monster placed,use-obj.c:763
scroll,Phase Door,1,teleport 10 squares (min 5),HARMLESS,yes,use-obj.c:795
scroll,Detect Invisible,1,detect invisible monsters,HARMLESS,only if one found,use-obj.c:935
scroll,Darkness,1,"blind 3+1d5 turns (no resist: Half-Orc resists dark, not blind) + unlight radius 3; cannot read scrolls while blind",NUISANCE,yes always (spells2.c:4562),use-obj.c:733
scroll,Blessing,1,bless 1d12+6 turns,HARMLESS,if newly blessed,use-obj.c:947
scroll,Monster Confusion,5,next melee hit confuses monster,HARMLESS,yes if not already set,use-obj.c:965
scroll,Magic Mapping,5,map local area (52x23 half-box),GOOD,yes always,use-obj.c:902
scroll,Trap Detection,5,detect traps,HARMLESS,only if traps found,use-obj.c:922
scroll,Door/Stair Location,5,detect secret doors (detect_sdoor; stairs call commented out),HARMLESS,only if found,use-obj.c:928
scroll,Aggravate Monster,5,wakes all monsters within 40 grids on level; every monster in LOS gets speed raised to race speed+10 permanently (spells2.c:3313-3362),DANGEROUS,yes always,use-obj.c:743
scroll,Satisfy Hunger,5,food set to max-1,HARMLESS,if food changed,use-obj.c:941
scroll,Word of Recall,5,"sets recall: yanks to town in 15-34 player turns when in dungeon (to max depth when in town); reading again cancels (spells2.c:1135-1190, dungeon.c:1626-1700)",NUISANCE,yes always,use-obj.c:816
scroll,Remove Curse,10,"uncurses worn items except HEAVY_CURSE/PERMA_CURSE; no failure roll (spells2.c:467,415-445)",GOOD,only if something uncursed,use-obj.c:837
scroll,Teleportation,10,teleport up to 100 squares (min 50),HARMLESS,yes,use-obj.c:802
scroll,Trap Creation,10,"places INVISIBLE traps on naked floor grids radius 1 (not own grid); type rolled when stepped on/found: 16 kinds (trap door, pits, summon rune, teleport rune, fire/acid 4d6, 3 stat darts, slow dart, blind/confuse/poison/PARALYSIS gas 5-14 turns) (spells2.c:4919, object2.c:3829,4169, cmd1.c:891+)",COSTLY,never: GF_MAKE_TRAP sets no obvious (spells1.c:1894-1910),use-obj.c:789
scroll,Trap/Door Destruction,10,destroys adjacent doors/traps,HARMLESS,only if something destroyed,use-obj.c:990
scroll,Holy Chant,10,bless 1d24+12,HARMLESS,if newly blessed,use-obj.c:953
scroll,Enchant Weapon To-Hit,15,"enchant wielded weapon to-hit +1 (prompt, scroll kept if cancelled)",GOOD,yes,use-obj.c:861
scroll,Enchant Weapon To-Dam,15,enchant weapon to-dam +1,GOOD,yes,use-obj.c:868
scroll,Enchant Armor,15,enchant one armour piece AC +1,GOOD,yes,use-obj.c:854
scroll,Summon Undead,15,"as Summon Monster (1-3, mean 1.9) but undead only, level dlv+5; undead can include ghoul(26)/ghast(30) paralyzers, no FA",DANGEROUS (LETHAL deeper),only if undead placed,use-obj.c:776
scroll,Life,20,restore_level + do_scroll_life (MAngband-specific; restores exp/stats),GOOD,yes,use-obj.c:1038
scroll,Teleport Level,20,"50% down 1 level, else up 1 (town->down; up from dlv1 goes to town); 'Nothing happens' in ironman (spells1.c:365-395)",NUISANCE,yes,use-obj.c:809
scroll,Acquirement,20,creates 1 great object at your feet (object2.c:3784); aware cost 100000,GOOD (jackpot),yes,use-obj.c:1023
scroll,Holy Prayer,25,bless 1d48+24,HARMLESS,if newly blessed,use-obj.c:959
scroll,*Identify*,30,full ID of an item,GOOD,yes,use-obj.c:830
scroll,Protection from Evil,30,prot evil 3*clvl+1d25 turns,HARMLESS,if newly set,use-obj.c:976
scroll,Recharging,40,"prompts for wand/staff; backfire chance 1/[(60+100-itemlvl-10*charges per item)/15], can destroy it; cancel keeps scroll (spells2.c:3093-3135)",COSTLY if used on wand/staff,yes,use-obj.c:889
scroll,Banishment,40,prompts for monster symbol; deletes all non-unique of that char on level; 1d4 dmg per kill,HARMLESS/GOOD,yes (cancel keeps scroll),use-obj.c:1009
scroll,Dispel Undead,40,60 dmg to undead in LOS,HARMLESS,only if undead hit,use-obj.c:1003
scroll,*Destruction*,40,"destroy_area r15: deletes monsters+floor objects, scrambles terrain; you: 'searing blast of light', blind 11-20 turns (no resist unless blind/light res); player grid spared (spells2.c:3617-3680)","COSTLY (blind, loses floor loot)",yes,use-obj.c:996
scroll,*Remove Curse*,50,uncurses everything incl. heavy curses,GOOD,yes,use-obj.c:847
scroll,Mass Banishment,50,"deletes all non-unique monsters within 20 squares, 1d3 dmg each",GOOD,yes,use-obj.c:1016
scroll,*Enchant Weapon*,50,to-hit 1d3 and to-dam 1d3,GOOD,yes,use-obj.c:882
scroll,Curse Weapon,50,"wielded weapon becomes Shattered: to-hit and to-dam -(2..10) each, dice 0d0, CURSED+BROKEN => sticky, value 0 (artifact 50% save) (spells2.c:2255-2310)",COSTLY,yes if weapon wielded,use-obj.c:757
scroll,*Enchant Armor*,50,AC +1d3+2,GOOD,yes,use-obj.c:875
scroll,Curse Armor,50,"body armour becomes Blasted: to_a -(2..10), base ac 0, CURSED+BROKEN => sticky, value 0 (spells2.c:2184-2250)",COSTLY,yes if body armour worn,use-obj.c:751
staff,Treasure Location,5,detect gold,GOOD,only if found,use-obj.c:1177
staff,Object Location,5,detect objects,GOOD,only if found,use-obj.c:1184
staff,Light,5,light room/radius 2,HARMLESS,yes,use-obj.c:1163
staff,Cure Light Wounds,5,heal 1d8,HARMLESS,only if HP restored,use-obj.c:1214
staff,Detect Invisible,5,detect invisible,HARMLESS,only if found,use-obj.c:1202
staff,Darkness,5,as scroll: blind 3+1d5 turns + unlight,NUISANCE,yes,use-obj.c:1089
staff,Trap Location,10,detect traps,HARMLESS,only if found,use-obj.c:1190
staff,Summoning,10,"loop k<randint1(4): 1/2/3/4 monsters = 25/37.5/28/9% (mean 2.2), level dlv+5, groups allowed",DANGEROUS,only if monster placed,use-obj.c:1111
staff,Haste Monsters,10,"all monsters in LOS get +10 speed (project_hack GF_OLD_SPEED; spells2.c:3202,3243)","DANGEROUS if monsters in view, else harmless",only if a monster seen,use-obj.c:1105
staff,Slow Monsters,10,-10 speed on LOS monsters (saving throw by level),HARMLESS,only if monster seen,use-obj.c:1259
staff,Sleep Monsters,10,sleeps LOS monsters (save by level),HARMLESS,only if monster seen,use-obj.c:1253
staff,Door/Stair Location,10,detect doors,HARMLESS,only if found,use-obj.c:1196
staff,Perception (Identify),10,identify an item; cancel keeps charge,GOOD,yes,use-obj.c:1132
staff,Teleportation,20,teleport up to 100 (min 50),HARMLESS,yes,use-obj.c:1124
staff,Starlight,20,light beams in 8 directions,HARMLESS,yes,use-obj.c:1152
staff,Detect Evil,20,detect evil monsters,HARMLESS,only if found,use-obj.c:1208
staff,Enlightenment (map area),20,"map_area local, not whole level",GOOD,yes,use-obj.c:1170
staff,Curing,25,cures blind/poison/conf/stun/cut,HARMLESS,only if something cured,use-obj.c:1220
staff,Probing,30,probe monsters in LOS,HARMLESS,yes,use-obj.c:1278
staff,Earthquakes,40,"earthquake r10: 15% of grids hit; user stands at epicentre which is skipped, so the user is not hurt by own quake (spells2.c:3867-3990); monsters in hit grids take 4d8 or die","HARMLESS to user, alters map",yes,use-obj.c:1317
staff,Speed,40,haste +1d30+15 turns (+5 if already hasted),GOOD,if not already hasted,use-obj.c:1265
staff,Slowness,40,slow -10 for 1d30+15 turns,NUISANCE (DANGEROUS if monsters near),if slowed,use-obj.c:1099
staff,Remove Curse,40,as scroll,GOOD,only if uncursed something,use-obj.c:1139
staff,*Destruction*,50,"as scroll: blind 11-20 turns, wipes r15",COSTLY,yes,use-obj.c:1325
staff,Dispel Evil,50,60 dmg to evil in LOS,HARMLESS,only if hit,use-obj.c:1285
wand,Light,3,lite_line in direction,HARMLESS,yes always,use-obj.c:1455
wand,Heal Monster,3,"heals target 4d6, wakes it",NUISANCE,only if monster seen,use-obj.c:1413
wand,Haste Monster,3,target +10 speed permanent (cap 150),DANGEROUS,only if monster seen,use-obj.c:1419
wand,Magic Missile,3,3d4 bolt,GOOD,yes always (ident set regardless of hit),use-obj.c:1507
wand,Wonder,3,"random sval 0..23: 3/24 bad (Heal/Haste/Clone), rest any wand up to cold ball; no dragon/annihilation",NUISANCE/DANGEROUS,when sub-effect identifies,use-obj.c:1408
wand,Slow Monster,5,slow target (save by level),HARMLESS,only if seen/obvious,use-obj.c:1469
wand,Confuse Monster,5,confuse target,HARMLESS,only if seen/obvious,use-obj.c:1475
wand,Sleep Monster,5,sleep target,HARMLESS,only if seen/obvious,use-obj.c:1463
wand,Stinking Cloud,5,12 poison ball rad 2,GOOD,yes always,use-obj.c:1499
wand,Stone to Mud,10,dissolves wall,GOOD,only if wall dissolved,use-obj.c:1449
wand,Trap/Door Destruction,10,destroy door in line,HARMLESS,only if door destroyed,use-obj.c:1443
wand,Scare Monster,10,fear target,HARMLESS,only if seen/obvious,use-obj.c:1481
wand,Lightning Bolts,15,6d6 bolt/beam,GOOD,yes always,use-obj.c:1523
wand,Clone Monster,15,"clvl>=10: NO clone, but target fully healed and +10 speed; clvl<10: also spawns a copy (spells2.c:4801-4823, spells1.c:2770-2800)",NUISANCE (DANGEROUS below clvl 10),only if monster seen,use-obj.c:1425
wand,Frost Bolts,20,6d8 bolt,GOOD,yes always,use-obj.c:1539
wand,Polymorph,20,"target becomes a new monster (poly_r_idx), unique immune, save randint1(90)>mlvl; new monster is fresh and may be tougher (spells1.c:3264-3300)",NUISANCE,only if changed,use-obj.c:1493
wand,Teleport Other,20,teleports target away,GOOD,only if monster seen,use-obj.c:1431
wand,Disarming,20,disarms trap,HARMLESS,only if trap,use-obj.c:1437
wand,Fire Bolts,30,12d8 bolt,GOOD,yes always,use-obj.c:1531
wand,Acid Bolts,30,10d8 bolt,GOOD,yes always,use-obj.c:1515
wand,Lightning Balls,35,64 ball,GOOD,yes always,use-obj.c:1555
wand,Cold Balls,40,96 ball,GOOD,yes always,use-obj.c:1571
wand,Drain Life,50,150 dmg to living,GOOD,only if hit,use-obj.c:1487
wand,Fire Balls,50,144 ball,GOOD,yes always,use-obj.c:1563
wand,Acid Balls,50,120 ball,GOOD,yes always,use-obj.c:1547
wand,Dragon's Flame,50,200 fire ball rad 3,GOOD,yes always,use-obj.c:1585
wand,Dragon's Frost,50,160 cold ball rad 3,GOOD,yes always,use-obj.c:1593
rod,Trap Location,5,detect traps,HARMLESS,only if found,use-obj.c:1726
rod,Light,10,lite_line,HARMLESS,yes always,use-obj.c:1835
rod,Door/Stair Location,15,detect doors,HARMLESS,only if found,use-obj.c:1732
rod,Illumination,20,lite_area,HARMLESS,yes always,use-obj.c:1752
rod,Lightning Bolts,20,6d6,GOOD,yes always,use-obj.c:1875
rod,Frost Bolts,25,10d8,GOOD,yes always,use-obj.c:1891
rod,Recall,30,starts recall like scroll; zap again to cancel,NUISANCE,yes always,use-obj.c:1745
rod,Fire Bolts,30,16d8,GOOD,yes always,use-obj.c:1883
rod,Slow Monster,30,slow target,HARMLESS,only if effect obvious,use-obj.c:1849
rod,Sleep Monster,30,sleep target,HARMLESS,only if obvious,use-obj.c:1843
rod,Detection,30,detection() everything nearby,GOOD,yes always,use-obj.c:1766
rod,Polymorph,35,as wand,NUISANCE,only if changed,use-obj.c:1861
rod,Disarming,35,disarm trap,HARMLESS,only if trap,use-obj.c:1829
rod,Probing,40,probe,HARMLESS,yes,use-obj.c:1773
rod,Acid Bolts,40,12d8,GOOD,yes always,use-obj.c:1867
rod,Teleport Other,45,teleport target away,GOOD,only if monster hit,use-obj.c:1823
rod,Perception (Identify),50,identify item,GOOD,yes,use-obj.c:1738
ring,Aggravate Monster,5,"CURSED always (LIGHT_CURSE, object2.c:170): monsters notice/wake without the usual 1/1024 roll (melee2.c:2503-2518); sticky until Remove Curse; value 0",DANGEROUS,no (wear never calls object_aware),"cmd3.c:501-509 (worn cursed => 'Oops! It feels deathly cold!', ID_SENSE, sticky cmd3.c:642,373)"
ring,Weakness,5,CURSED: STR -(1+m_bonus(5)); sticky,COSTLY,no,"cmd3.c:501-509 (worn cursed => 'Oops! It feels deathly cold!', ID_SENSE, sticky cmd3.c:642,373)"
ring,Stupidity,5,CURSED: INT -(1+m_bonus(5)); sticky; warrior barely cares but slot blocked,NUISANCE,no,"cmd3.c:501-509 (worn cursed => 'Oops! It feels deathly cold!', ID_SENSE, sticky cmd3.c:642,373)"
ring,Teleportation,5,CURSED: 1%/player-begin tick random teleport range 40 (dungeon.c:990-994); sticky,NUISANCE/DANGEROUS,no,"cmd3.c:501-509 (worn cursed => 'Oops! It feels deathly cold!', ID_SENSE, sticky cmd3.c:642,373)"
ring,Searching,5,may be cursed (negative) per apply_magic: ~13-24% at dlv 5-30,HARMLESS/NUISANCE,no,object2.c:2741
ring,Slow Digestion/Feather Falling/Resist Fire/Resist Cold,5,harmless; never cursed (no power<0 branch),HARMLESS,no,use-obj.c:n/a
ring,Protection,10,"+AC; cursed variant (power<0) -AC, sticky",GOOD / COSTLY if cursed,no,object2.c:2850
ring,Free Action,20,FREE_ACT; never cursed branch,GOOD,no (EASY_KNOW only after aware),object.txt N:144
ring,Damage,20,+dam; cursed variant negative,GOOD / COSTLY if cursed,no,object2.c:2806
ring,Accuracy,20,+hit; cursed variant negative,GOOD / COSTLY if cursed,no,object2.c:2828
ring,Sustain x6,20,sustains,HARMLESS,no,object.txt N:156-161
ring,Strength/Dex/Con/Int,30,pval 1+m_bonus(5); cursed variant negative pval,GOOD / COSTLY if cursed,no,object2.c:2686
ring,See Invisible,30,see invis,HARMLESS,no,object.txt N:155
ring,Resist Poison,40,res pois,GOOD,no,object.txt N:143
ring,Slaying,40,+hit/+dam; cursed variant negative,GOOD / COSTLY,no,object2.c:2872
ring,Flames/Acid/Ice/Lightning,50,"+AC resist, activation",GOOD,no,object2.c:2763
ring,Woe,50,CURSED: teleport + WIS/CHR -(1+m_bonus(5)) + to_a -(5+m_bonus(10)); sticky,DANGEROUS,no,object2.c:2790
amulet,Teleportation,10,"CURSED always: random teleport 1%/tick, range 40; sticky",NUISANCE/DANGEROUS,no,"cmd3.c:501-509 (worn cursed => 'Oops! It feels deathly cold!', ID_SENSE, sticky cmd3.c:642,373)"
amulet,Resist Acid/Adornment/Resist Lightning,10,"harmless, never cursed",HARMLESS,no,object.txt N:168-169
amulet,Infravision,10,+infra; cursed variant negative,HARMLESS/NUISANCE,no,object2.c:3048
amulet,Searching,15,cursed variant negative,HARMLESS,no,object2.c:2927
amulet,Slow Digestion,15,harmless,HARMLESS,no,object.txt N:167
amulet,Wisdom/Charisma,30,cursed variant negative pval,HARMLESS (warrior),no,object2.c:2905
amulet,Regeneration,30,regen,GOOD,no,object.txt:3756
amulet,Speed,30,+1..3 speed; cursed variant negative speed,GOOD / DANGEROUS if cursed,no,object2.c:2970
amulet,the Moon/Terken,40,never cursed,GOOD,no,"object2.c:2993,3003"
amulet,DOOM,50,"ALWAYS cursed: all 6 stats -(1d5+m_bonus(5)), to_a negative; sticky",LETHAL-ish (stat crash),no,object2.c:3069
amulet,ESP,50,never cursed; telepathy,GOOD,no,object2.c:2948
