time,character,store,action,item,qty,price_total_gold
2026-09-28 02:07:20,Dive04,Alchemist,bought,3 Scrolls of Phase Door {25% off},3,57
2026-09-29 21:35:55,Dive04,General store,sold,2 Wooden Torches (with 0 turns of light),2,2
2026-09-29 21:35:55,Dive04,General store,sold,46 Iron Spikes,46,46
2026-09-29 21:35:56,Dive04,General store,bought,Brass Lantern (with 7500 turns of light) {25% off},1,41
2026-09-29 21:36:34,Dive04,Temple,bought,2 Potions of Cure Serious Wounds,2,124
2026-09-29 21:55:07,Dive04,Alchemist,sold,Potion of Boldness,1,9
2026-09-29 21:55:07,Dive04,Alchemist,sold,Potion of Slime Mold Juice,1,9
2026-09-29 21:55:17,Dive04,Magic Shop,sold,Wand of Heal Monster (10 charges),1,15
2026-09-29 22:01:28,Dive04,General store,sold,Mushroom of Poison,1,2
2026-09-29 22:05:37,Dive04,Temple,bought,Potion of Cure Light Wounds,1,23
2026-09-29 22:07:02,Dive04,Alchemist,bought,Scroll of Word of Recall {on sale},1,121
2026-09-29 22:07:02,Dive04,Alchemist,bought,5 Scrolls of Phase Door,5,120
2026-09-29 22:30:00,Dive04,Weapon Smith,bought,"Dagger (1d4) (+0,+0) {25% off}",1,13
2026-09-29 22:33:42,Dive04,General store,bought,2 Wooden Torches (with 2500 turns of light),2,6
2026-09-29 22:33:42,Dive04,General store,bought,2 Rations of Food,2,10
2026-09-29 22:34:19,Dive04,Temple,bought,3 Potions of Cure Light Wounds,3,69
2026-09-29 22:34:27,Dive04,Alchemist,bought,Scroll of Phase Door {25% off},1,19
2026-09-29 22:34:35,Dive04,General store,bought,"Cloak [1,+0]",1,5
2026-09-29 23:06:36,Dive04,Alchemist,sold,Potion of Slowness,1,8
2026-09-29 23:06:36,Dive04,Alchemist,sold,Potion of Resist Cold,1,8
2026-09-29 23:06:36,Dive04,Alchemist,sold,Potion of Water,1,8
2026-09-29 23:06:36,Dive04,Alchemist,sold,Scroll of Detect Invisible,1,8
2026-09-29 23:06:37,Dive04,Alchemist,sold,Scroll of Light,1,8
2026-09-29 23:06:37,Dive04,Alchemist,bought,2 Scrolls of Phase Door,2,48
2026-09-29 23:06:49,Dive04,Temple,bought,2 Potions of Cure Light Wounds,2,46
2026-10-03 12:18:58,Dive04,General store,bought,Brass Lantern (with 7500 turns of light),1,53
2026-10-03 12:18:58,Dive04,General store,bought,3 Flasks of oil,3,15
2026-10-03 12:19:11,Dive04,Armoury,bought,"Soft Leather Armour [4,+0] {25% off}",1,23
2026-10-03 12:19:11,Dive04,Armoury,bought,"Pair of Soft Leather Boots [2,+0]",1,11
2026-10-03 12:19:19,Dive04,Armoury,bought,"Small Metal Shield [3,+0]",1,81
2026-10-03 12:19:32,Dive04,Alchemist,sold,Potion of Sleep,1,8
2026-10-03 12:19:32,Dive04,Alchemist,sold,2 Potions of Speed,2,16
2026-10-03 12:19:32,Dive04,Alchemist,sold,2 Potions of Heroism,2,16
2026-10-03 12:19:32,Dive04,Alchemist,sold,Potion of Slow Poison,1,8
2026-10-03 12:19:33,Dive04,Alchemist,sold,Scroll of Summon Monster,1,8
2026-10-03 12:19:33,Dive04,Alchemist,sold,Potion of Water,1,1
2026-10-03 12:19:33,Dive04,Alchemist,bought,2 Scrolls of Phase Door,2,48
2026-10-03 12:19:46,Dive04,Alchemist,sold,2 Scrolls of Detect Invisible,2,12
2026-10-03 12:19:46,Dive04,Alchemist,bought,Potion of Heroism,1,56
2026-10-03 12:48:20,Dive04,Armoury,sold,"Robe [2,+0]",1,2
2026-10-03 12:48:24,Dive04,Weapon Smith,sold,"Glaive (2d6) (+0,+0)",1,138
2026-10-03 12:48:36,Dive04,Alchemist,sold,Potion of Detect Invisible,1,8
2026-10-03 12:48:36,Dive04,Alchemist,sold,Scroll of Satisfy Hunger,1,8
2026-10-03 12:48:44,Dive04,Alchemist,bought,Scroll of Word of Recall,1,242
2026-10-03 12:48:44,Dive04,Alchemist,bought,3 Scrolls of Identify,3,243
2026-10-03 12:49:07,Dive04,Magic Shop,sold,Wand of Magic Missile (15 charges),1,105
2026-10-03 12:49:07,Dive04,Magic Shop,sold,Wand of Stinking Cloud (10 charges),1,180
2026-10-03 12:49:19,Dive04,Alchemist,bought,Scroll of Word of Recall,1,242
2026-10-03 12:49:41,Dive04,General store,bought,2 Rations of Food,2,10
2026-10-07 08:50:06,Dive04,Temple,bought,4 Potions of Cure Light Wounds,4,92
2026-10-07 08:55:18,Dive04,Alchemist,bought,4 Scrolls of Phase Door,4,92
