date,mission,state_item,believed,truth,consequence,layer,fix,verified,source
2026-09-24,shopcat,position,server pathfind stays inside the level,pathfind treats never-seen grids incl. row past the level edge as open,walked off level 2S->3S twice,server data (pathfind semantics),"649b3d4, 512f394 (own path walker)",yes (tour ran; no repeat logged),"git 649b3d4,512f394; next_steps.md:68-74"
2026-09-24,shopcat,map,'=' (logs/fences) walkable,blocks: 'There is a wall blocking your way',walker looped into fenced paddock,Pilot parsing (glyph meaning),e87cf76,yes,git e87cf76
2026-09-24,shopcat,position,walking into unseen arena wall is a normal bump,teleports you inside the arena,boxed in; escape logic walked back in (own margin),server data (arena rule),"0c9572c, 73069ba (no-go zone)",partial,"git 0c9572c,73069ba; next_steps.md:89-91"
2026-09-25,shopcat/pilot design,status (resting),'custom R' rests,no such custom command; rest is PKT_REST toggle; later 'R' sent when already resting switched rest OFF,never actually rested; rest toggled off,tool mode (command semantics),"e01a367, dd9f1d1",yes,"git e01a367,dd9f1d1; next_steps.md:507-509"
2026-09-25,P0/Dive03 wander,depth/level,depth indicator sign = surface vs dungeon,"one signed byte; far wilderness (<-127) arrives as positive depth (Gandalf 'depth 66' = [32N,11W])",wilderness read as dungeon depth 93/33/37,server data (protocol width),"27b2e60 (in_dungeon from how level changed), 1ee16c4 (minimap query)",partial (inferred from transitions; no failing case logged),"git 27b2e60,1ee16c4; next_steps.md:417-418"
2026-09-25,P0,depth/level + map,"'explore' is fine in town/surface (idle recall used the only WoR, then explore)",surface frontier = level edge; night forest,character wandered off to wilderness 2S 2E; user walked it out,Pilot logic (surface vs dungeon),66971c5 (explore refuses depth<=0; idle_recall 600s),yes,git 66971c5
2026-09-25,P0,map (town),town floor/'>' visible at night,"unseen at night, not in a fresh session memory",first shop trip found no path; dive from town lost the '>',server data (night map),"68bf4a2 (unseen ground walkable on surface), 1c013b0 (town.json)",yes,"git 68bf4a2,1c013b0"
2026-09-25,P0 (dive02),map (town),store reachable on the map it had,path 0 on 3 of 4 starts ('can't reach the store'); worked once more map explored,goal shop failed 3x,Pilot staleness (map not loaded),none named (68bf4a2 'unseen walkable' probably),unknown,Advisor/studies/2026-09-28-postmortem/dispatches/R2.md #41
2026-09-25,first agent dive,inventory (letters),index sell hits the intended item,identifying a ring re-sorted the pack,sells missed,Pilot staleness (stale index),68d581c (sell by name),yes,git 68d581c
2026-09-25,first agent dive,gold,gold read before shop,gold changes after each buy/sell,'You do not have enough gold',Pilot staleness,7687f52 (re-read gold+pack after each),yes (later buys ok),git 7687f52
2026-09-25,first agent dive,stairs / depth,stairs pressed twice before level change arrived,first press pending,could go straight back,Pilot staleness (pending actuation),68d581c (no stairs while pending),partial,git 68d581c
2026-09-25,first agent dive,stairs / depth,'<' 0.7 s after arrival took effect,"server ignored it (no change, no message); Lemures x7 adjacent",ended up fighting them,server data (command dropped),7687f52 (retry after 1.2 s),partial,git 7687f52
2026-09-25,first agent dive,floor item,custom 'g' picks up,"did nothing; ',' (Stay) picks up",items not picked up,tool mode (command semantics),68d581c,yes,git 68d581c
2026-09-25,first agent dive,store stock/result,shop sale/purchase succeeded,server may say 'I don't want that!',assumed success,Pilot parsing,68d581c (report actual answer),yes,git 68d581c
2026-09-25,first agent dive,report format (stale attention),Navigator acted on an old attention event,event described an earlier goal,agent replaced a pending recall with a shop trip,report format (stale event),7687f52 (unread attention -> news),partial,git 7687f52
2026-09-25,Dive03 dive,depth/stairs (map),nearby '<' unreachable (planned before map loaded) -> marked unreachable for good; later 'idle' counted as working,map not yet loaded after restart; later stairs skipped list,looped 'nothing left to explore'/'no reachable stairs'; re-planned ~20/s for 10 min at 100 ft,Pilot staleness (map not loaded),"3e9c407, 00cd85c",partial,"git 3e9c407,00cd85c"
2026-09-25,Dive03,map (frontier),visited squares = obstacles; own square the only frontier,wrong obstacle set; secret doors,"'frontier unreachable'; 'explored level, no stairs' at 750 ft",Pilot logic (map model),"0614c70, 2182e0a (search goal found 3 secret doors)",yes (search found doors),"git 0614c70,2182e0a"
2026-09-25,Dive03,map (terrain),rubble ':' passable,blocks ('There is rubble blocking your way'),explorer bumped it 41 times,Pilot parsing (glyph meaning),ecb1a5f (impassable) then 5847bbf (dig),partial (digging 'never exercised in play' next_steps.md:384-385),"git ecb1a5f,5847bbf"
2026-09-26,Dive03,light,a lit light source (explored 'minutes' after 'Your light has gone out!'),no light -> nothing mapped -> 'frontier unreachable',wasted minutes,Pilot staleness (no light tracking),"4292aee (refill <3000, swap <500)",yes (refill act 2900 turns at dive04 22:23:21 decisions.jsonl),git 4292aee; dive04/decisions.jsonl
2026-09-26,1,recall depth,recall from town goes to a chosen/safe depth (Navigator also set max_depth 950),goes to deepest level ever (1000 ft) unless @R inscription,"landed at 1000 ft next to 4 Black ogres + Illusionist (paralysis, no FA); WoR spent",Navigator memory (server rule not known),14de204 (inscribe @R first); 04ac768 verify @R,yes (mission 2 16:23 'landed 650 correctly'; mission 6 'landed 700'),"navigator.md dive03 15:17; git 14de204,04ac768"
2026-09-26,1,inventory,destroy by name/letter targets the pack item,name with no pack match fell through to equipment: 'You destroy (nothing)',wrong/no item destroyed,Pilot parsing (lookup scope),c8c78c4,yes,git c8c78c4
2026-09-26,1,inventory (letters),batch of 5 destroys with letters from old report,pack re-lettered after each; report still showed old pack,"lost 1 CLW, 1 flask, 2 unknown potions",report format (stale pack) + Navigator memory,"5519370 (act by name, reply shows pack after)",partial: recurred as stale letter in mission 9,navigator.md dive03 15:36; git 5519370
2026-09-26,2,inventory,'read Identify' identifies the Rapier,server item request unimplemented; item taken in dir byte; none sent -> first pack item (Rations) identified,scroll wasted,tool mode / server data (command arg),2992c70 (read L TARGET),yes (mission 3 11:12 'target works'),navigator.md dive03 16:15; git 2992c70
2026-09-26,2,inventory (counts),pack line 7 Phase Door after inscribing,inspect says 12 (stacks merged),wrong count shown to Navigator,report format (stale pack),none found,no,navigator.md dive03 16:18
2026-09-26,2,item identity,unknown 'Soft Studded Leather' is junk,"Soft Studded Leather of Resistance [5,+6] (buyback 19834)",sold for 17 gold,Navigator memory (no inspect),84d85b0 (refuse sale of probable specials) + HANDBOOK,partial (code gate; no recurrence for uniques),navigator.md dive03 16:40; git 84d85b0
2026-09-26,2,recall depth,@R750 recall would land 750,Architect parked the Pilot mid-recall; recall landed 1000 ft,1000 ft w/o FA again,Pilot logic (park during recall),1738cd9 (park waits for pending recall),yes,navigator.md dive03 16:16; git 1738cd9
2026-09-26,2,status (afraid),Pilot handles fear,"Pilot just stood (can't melee while afraid, auto-retaliate stops)",Navigator quaffed Heroism itself,Pilot parsing (condition ignored),"e152633, f06c069",yes (mission 8 02:05 Berserk by pilot),git e152633; navigator.md dive04 02:05
2026-09-26,2,depth cap (report),dive 700 proceeds,silently capped by Navigator's own max_depth=650,dive did nothing,Navigator memory / report format,8957953 (say when capped),partial,navigator.md dive03 16:49; git 8957953
2026-09-26,2,emergency state (report),'nothing left to escape with',Phase Door merely on cooldown,wrong message to Navigator,report format,14de204,partial,git 14de204
2026-09-26,2,floor item,nearest item = a target,junk item under own square (not pickable) -> 'goto item' ended at once,goto item never moved,Pilot logic (floor item),5e746c4,"partial (goto stops on gold w/o pickup: mission 2 16:38,3,4,5 -> f1c0579)","git 5e746c4; navigator.md dive03 16:26,16:38"
2026-09-27,3,position/queue,one queued step ahead is harmless,server queue kept it; every later step one behind; circled a '>' 10 min (also 9 min silent stall at 200 ft),10-min circling; item picked up a square late,Pilot staleness (server command queue),415e0d2 (PKT_CLEAR on replan; stuck event),yes ('verified twice' next_steps.md:222-223),next_steps.md; git 415e0d2
2026-09-27,3,floor item / report,report shows item still on floor after pickup; 'Standing on' stale,pickup lands ~0.6 s later; standing_on not cleared,Navigator re-acted on stale floor,report format (stale),f1c0579 (done after pickup; standing_on clears),partial; next_steps.md:398 still lists 'Standing on lags after gold pickup in town',git f1c0579; next_steps.md:397-398
2026-09-27,3,persistence,progress kept after 'Connection refused ~1.5 min',character rolled back to 400 ft / 490 g (Cutlass{excellent} lost),stale Navigator plan,server data (crash/rollback),none (test server under gdb since 09-29),no,navigator.md dive03 15:43
2026-09-27,4,monsters (missed),monster list is complete,Yellow mold (and mushroom patch 12:37) hit us but absent from Pilot's monster list/map decode,misread as unseen attacker,Pilot parsing (glyph decode) / server data,5847bbf perception_gap log; f1c0579 (>1.5 s only),"partial: dive03 has 9 perception_gap records (map_age 0.10-0.41 s), root cause of mold case unconfirmed","next_steps.md:263-268,297-300; dive03/decisions.jsonl perception_gap x9"
2026-09-27,4-6 (09-27),monsters (phantom absence),"'losing HP, nothing in view' = unseen attacker","own damage from just-killed monster, bleed, spiked pit, mold spores, hit-and-run wolves, orcs in view",48 unseen_attacker events on 09-27; ~3+ flee cycles (new level each) per mission; Navigator: 'can't explore',Pilot logic (HP-loss attribution) + Pilot parsing (messages),"5847bbf, f1c0579, 8e92a81 (blind), 6274e8b (minor unseen = news), 7160211 + 0090192 (regex from catalogue)",partial: mission 6 'all real' (~8); recurred after 3 fixes,"navigator.md dive03 12:13-12:37,12:54; run-postmortem §3.1; git list"
2026-09-27,4,inventory/WoR count,Navigator thought it held 2 WoR,held 1 (recall down used one; miscounted at 12:40; also 12:15),next trip had no ticket home,Navigator memory (count),HANDBOOK 'count WoR after every recall',partial,"navigator.md dive03 12:15,12:40"
2026-09-27,3-4,store stock/prices,"WoR at 176 (4 in stock {25% off}, seen 11:11)",stock changes ~33 s; bought 2 at 234,overpaid 116,Navigator memory (stale stock),shop list (8082af5) + HANDBOOK 'stock changes every ~33 s',partial,navigator.md dive03 11:59; HANDBOOK:278-279
2026-09-27,"4,5,12",equipment slots / item value,amulet unneeded / armour worse / potions worthless / staff junk,"neck slot empty (Resist Lightning amulet 21g); Hard Leather Armour [6,+6] better than worn [6,+4]; unknown potions = 2 Speed + 2 Heroism sold 8 each (store resells Speed 121); Staff of Door/Stair Location sold",lost gear; had to buy back Heroism 56,Navigator memory (no inspect/compare),HANDBOOK lessons only,no: recurred 09-27 x3 and 10-03 (mission 12),"navigator.md dive03 12:40,12:43,13:05; dive04 12:22"
2026-09-27,5,item identity (report),server item list 'Summoning' staff = the one sold,pack item was 'Elm Staff' (Trap Location),Navigator confused which staff,Pilot parsing (item list has no positions/pack link),none (f480b31 added item squares only),no,navigator.md dive03 13:05
2026-09-27,5,inventory,autodestroy=average only trash,destroyed fetched Small Metal Shield [3] on pickup,upgrade lost,Pilot logic,HANDBOOK advice only,no (open),navigator.md dive03 13:04; HANDBOOK:175-177
2026-09-27,"5,6",stats,no drain happened (no event),"CON 18->17 (m5), DEX 15->14 (m6) silent",Navigator unaware,Pilot parsing (compare values),6274e8b,yes (mission 7 'on every drain'; mission 9),"next_steps.md:223-224,296; git 6274e8b"
2026-09-27,6,floor item/stairs,standing_on always set,None -> TypeError in Flee,flee goal failed with Cave orcs adjacent,Pilot parsing (missing state),b034b0e,yes,navigator.md dive03 13:45; git b034b0e
2026-09-27,6,activity (fighting),'stuck' (no progress),was fighting wolf pack,false stuck event,Pilot logic,6274e8b,yes,navigator.md dive03 13:41; git 6274e8b
2026-09-27,6,messages,'It commands you to return' = dangerous unseen attacker,teleport-to (Tengu/Blink dog),fled to '>',Pilot parsing (message class),6274e8b; catalogue 7160211,yes,"navigator.md dive03 13:42,13:45; git 6274e8b"
2026-09-27,6,item count (messages),'quaffed ... Boldness' = 2 left,1 left,wrong count in news,Pilot parsing (wording),6274e8b ('quaffed a Potion of X'),yes,next_steps.md:297; git 6274e8b
2026-09-27,7,escape execution,"8 Phase/2 quaffs/WoR acked, so executed",none ran: Mover 'clear' wiped queued commands,Dive03 died (permanent),Pilot staleness (believed queued = done),"785f608, baeb276 (verify 'You have N left')",partial: verified in mission 9; recurred as 'held reads reported done' (mission 10),"run-postmortem §1; git 785f608,baeb276,df69d21"
2026-09-27,7,party/liveness,'Pilot crash' (Connection refused),character was dead; pilot stopped answering only after death,"Navigator stopped playing, mis-reported",Navigator memory / report format,"785f608 (stay up after death), HANDBOOK:306-307",yes (mission 10 death recognised),navigator.md dive03 22:29-22:41; run-postmortem §1
2026-09-27,7,ghost state,disconnected ghost is safe,"lingered in level, poisoned, faded FOREVER at next login",character lost,server data (ghost persists),1011e37 goal resurrect,yes (mission 10 worked ~1 min),next_steps.md:157-160; git 1011e37
2026-09-28,8,monster data,Radiation eye 'deep in vanilla -> level looks wrong',monster.txt N:67 W:3 -> level 3 here,false anomaly belief,Navigator memory (vanilla lore),8082af5 `pilotctl monster NAME`; HANDBOOK:308-309,yes (mission 9 monster query for Smeagol),navigator.md dive04 01:48; monster.txt:827-830
2026-09-28,8,store stock,CLW sold at Alchemist (5),cures only at Temple (4); alchemist no CLW; stock runs out,trips to wrong shop; 15 cure buys went to shop 5,Navigator memory / Pilot (store routing),HANDBOOK store facts 7160211; routing still open,partial (open: shop routing next_steps.md:194),"navigator.md dive04 01:39,02:06; next_steps.md:189-195"
2026-09-28,8,store prices,Enchant To-Dam cheap (3 bought),151 each at 25% off,"302 of 366 gold spent, none left for CLW",Navigator memory (no price check),8082af5 buy NAME:N@MAX,yes (mission 10 WoR 1@125),navigator.md dive04 01:47; git 8082af5
2026-09-28,8,blows,inspect shows blows,inspect shows no blows; status does,wield-to-find,Navigator memory / report format,HANDBOOK:272,n/a,navigator.md dive04 01:44; HANDBOOK:272
2026-09-29,8/9,light (fuel),swapping to a 'better' torch each tick,spares burnt out; dead torches kept being swapped ~2100 times; torches burn out idle in town/resting 10x,wasted actions; light dead at mission 9 start (0-turn torches),Pilot logic (light state compare),505ded5; 7160211 town_light,yes (mission 11 'light off idle in town worked'),"next_steps.md:144-146; git 505ded5,7160211; navigator.md dive04 21:35"
2026-09-29,9,inventory (letters),read item=7 = Word of Recall,slot 7 was something else after a potion stack ran out; real WoR at item=5 read 5 s later,HP 47 -> 26 while WoR delayed,Pilot staleness (stale letter),22a436d (one use at a time until confirmed),no (no later emergency),Advisor memos/to_architect/2026-09-29-mission9-replay.md §3; git 22a436d
2026-09-29,9,shop (parse),goal shop buy works,every buy ValueError 'too many values to unpack' after 8082af5 (Shop name 2-tuples),mission 9 had to stop at 22:00,Pilot parsing (regression),"22a436d, 67bfe1a",yes (mission 10 buys worked),"navigator.md dive04 22:00; git 22a436d,67bfe1a"
2026-09-29,9,monsters (just out of view),no monster near -> eat,Bullroarer one step out of view,ration eaten with unique adjacent,Pilot staleness (monster memory),22a436d,no,git 22a436d
2026-09-29,9,map/stairs,'<' known 35 squares away is reachable,Phase Door landed in pocket cut off by unwalked squares; planner never paths unknown; Explore(until upstairs) returned done when ANY '<' known,"stuck x2 (21:47, 21:52-53)",Pilot logic (map reachability),df69d21 (pilot.py:235-237 now requires plan() to the stair),yes in code (pilot.py:235-237); not seen in play; HANDBOOK:302-303 still says 'ends at once when any stairs known' (stale),mission9-replay §4; pilot.py:235-237; HANDBOOK:302-303
2026-09-29,9,monsters (missed swarm),one Cave spider in view -> group <=0.23x,HP fell 77->35 in 26 s from an unseen swarm,late/no flee,Pilot parsing (monlist/map misses dark monsters),df69d21 (floor from HP lost in 3 s),no,mission9-replay §1; git df69d21
2026-09-29,9,status (stats),Giant red frog: danger 58 vs 97 HP (drain +50),expected ~8; drain term dominated,4 Phase Doors at full HP,Pilot logic (danger model),"e2e741f, df69d21",partial,"git e2e741f,df69d21"
2026-09-29,10,inventory (counts),3 CLW quaffed,held behind a pending Phase; CLW never ran; 1 in pack (others unknown potions?),Navigator/report claimed done,report format (held != done),df69d21,no,navigator.md dive04 22:29; git df69d21
2026-09-29,10,gold,gold moved 62->32->67->52 with no event ('thief?'),"Smeagol touched: 'Your purse feels lighter' (events.jsonl:16369,17676); Pilot has no 'purse' handler",unnoticed theft,Pilot parsing (message not handled),none,no,"dive04/events.jsonl:16369,17676; grep purse pilot code: none"
2026-09-29,10,light (fuel),lantern 4929 -> 9900 'with no flask used',Pilot refilled via custom F at 22:23:21 (2900 turns left); inventory flask count 8-9 not rechecked,Navigator puzzled (open in next_steps.md:176-177),report format (Pilot action not in news),none,"explained [SEEN act], flask count unverified",dive04/decisions.jsonl act 22:23:21; next_steps.md:176-177
2026-09-29,10,clvl / exp,clvl 10 (status) after resurrection,"game said 'dropped back to level 8'; indicator is (max, current); xtra1.c:166 MAX(max_plv, lev), lev",status line and every danger rule used 10 not 8,Pilot parsing (indicator tuple),72ec098 (world.py:275-281 uses lv[1]); status 'level 8 (max 10)',yes (mission 12 start 'clvl8 (max10)'),"next_steps.md:174-177,163-166; xtra1.c:166; world.py:275-281"
2026-09-29,10,depth/level,'dive 0' climbs only,walked 15 squares to a '>' at 50 ft -> went to 100 ft,"extra level, wasted time",Pilot logic (stair choice),72ec098 (>8 squares/within max_depth),no (not re-exercised),navigator.md dive04 23:04; git 72ec098
2026-09-29,11/9,floor item/inventory,dropped junk stays dropped,pickup=all re-picks dropped items (dead torch came back),pack churn,Pilot logic,HANDBOOK:304 advice (destroy instead),no (open),next_steps.md:185-186; HANDBOOK:304-305
2026-10-03,12,equipment slots,wearall wields the lantern,wielded a torch (lantern not chosen),worn light was torch at 417 turns,Pilot logic (light slot choice),wore lantern by name manually,no,navigator.md dive04 12:22; decisions.jsonl low_supply 12:19:47
2026-10-03,12,stats (trap),drain from monster,dart trap drained STR 18/30->18/20,none (noted),n/a (Navigator read it correctly),-,n/a,navigator.md dive04 12:25
2026-09-27,"3,7,4",time/turn (Navigator),journal clock 12:08-12:43,"estimates ran ahead; real clock 12:21 (16 min, not 35)",time-budget decisions on false times,Navigator memory (time),none (note only; 'earlier timestamps estimated' recurs mission 7),no (recurred),navigator.md dive03 12:21 CORRECTION; 22:17
2026-09-25,tool mode,monsters (missed on arrival),monster list covers view,"MONLIST sent only on visibility change, not at login/level change; empty list is [""""]",no names at arrival; map glyph decode used instead,server data (stream timing),4185cbf + glyph decode (a976427),yes (zero mismatches at 50 ft; perception_gap since),"git 4185cbf,a976427"
2026-09-25,tool mode,inventory (arrival),inven right after ready is complete,comes back empty ~1 s,empty pack read,server data (stream timing),wait_ready settles,yes,next_steps.md:63
2026-09-24,shopcat,store (house door),open house door '\'' is a shop,indistinguishable from ordinary open door,open shops missed,server data (feature mimic),none,no (open gap next_steps.md:119),next_steps.md:119; git 74903ae
