item,tval,sval,cost,object.txt line
Brass Lantern,39,1,35,object.txt:3018 (W:3:0:50:35)
Wooden Torch,39,0,2,object.txt:3007 (W:1:0:30:2)
Flask of oil,77,0,3,object.txt:3028 (W:1:0:10:3)
Potion of Cure Light Wounds,75,34,15,object.txt:2005 (W:0:0:4:15)
Potion of Cure Serious Wounds,75,35,40,object.txt:2033 (W:3:0:4:40)
Potion of Cure Critical Wounds,75,36,100,object.txt:2043 (W:5:0:4:100)
Scroll of Phase Door,70,8,15,object.txt:1539 (W:1:0:5:15)
Scroll of Word of Recall,70,11,150,object.txt:1837 (W:5:0:5:150)
Scroll of Teleportation,70,9,40,object.txt:1547 (W:10:0:5:40)
Staff of Teleportation,55,4,2000,object.txt:2619 (W:20:0:50:2000)
Scroll of Enchant Weapon To-Hit,70,17,125,object.txt:1435 (W:15:0:5:125)
Scroll of Enchant Armour (object.txt: Enchant Armor),70,16,125,object.txt:1451 (W:15:0:5:125)
Main Gauche,23,5,25,object.txt:382 (W:3:0:30:25)
Rapier,23,7,42,object.txt:430 (W:5:0:40:42)
Dagger,23,4,10,object.txt:422 (W:0:0:12:10)
Short Sword,23,10,90,object.txt:358 (W:5:0:80:90)
Soft Leather Armour,36,4,18,object.txt:909 (W:3:0:80:18)
Hard Leather Armour,36,6,150,object.txt:923 (W:5:0:100:150)
Small Leather Shield,34,2,30,object.txt:1100 (W:3:0:50:30)
Large Leather Shield,34,4,120,object.txt:1107 (W:15:0:100:120)
Hard Leather Cap,32,2,12,object.txt:844 (W:3:0:15:12)
Soft Leather Boots,30,2,7,object.txt:823 (W:3:0:20:7)
Hard Leather Boots,30,3,12,object.txt:830 (W:5:0:40:12)
Set of Leather Gloves,31,1,3,object.txt:1076 (W:1:0:5:3)
Cloak,35,1,3,object.txt:1059 (W:1:0:10:3)
Ration of Food,80,35,3,object.txt:264 (W:0:0:10:3)
Potion of Boldness,75,28,10,object.txt:2222 (W:1:0:4:10)
Potion of Heroism,75,32,35,object.txt:2201 (W:1:0:4:35)
Potion of Berserk Strength,75,33,100,object.txt:2211 (W:3:0:4:100)
