speed_index,energy_per_game_turn
0,100
1,100
2,100
3,100
4,100
5,100
6,100
7,100
8,100
9,100
10,100
11,100
12,100
13,100
14,100
15,100
16,100
17,100
18,100
19,100
20,100
21,100
22,100
23,100
24,100
25,100
26,100
27,100
28,100
29,100
30,100
31,100
32,100
33,100
34,100
35,100
36,100
37,100
38,100
39,100
40,100
41,100
42,100
43,100
44,100
45,100
46,100
47,100
48,100
49,100
50,100
51,100
52,100
53,100
54,100
55,100
56,100
57,100
58,100
59,100
60,100
61,100
62,100
63,100
64,100
65,100
66,100
67,100
68,100
69,100
70,200
71,200
72,200
73,200
74,200
75,200
76,200
77,200
78,200
79,200
80,200
81,200
82,200
83,200
84,200
85,200
86,200
87,300
88,300
89,300
90,300
91,300
92,300
93,300
94,300
95,400
96,400
97,400
98,400
99,400
100,500
101,500
102,500
103,500
104,600
105,600
106,700
107,700
108,800
109,900
110,1000
111,1100
112,1200
113,1300
114,1400
115,1500
116,1600
117,1700
118,1800
119,1900
120,2000
121,2100
122,2200
123,2300
124,2400
125,2500
126,2600
127,2700
128,2800
129,2900
130,3000
131,3100
132,3200
133,3300
134,3400
135,3500
136,3600
137,3600
138,3700
139,3700
140,3800
141,3800
142,3900
143,3900
144,4000
145,4000
146,4000
147,4100
148,4100
149,4100
150,4200
151,4200
152,4200
153,4300
154,4300
155,4300
156,4400
157,4400
158,4400
159,4400
160,4500
161,4500
162,4500
163,4500
164,4500
165,4600
166,4600
167,4600
168,4600
169,4600
170,4700
171,4700
172,4700
173,4700
174,4700
175,4800
176,4800
177,4800
178,4800
179,4800
180,4900
181,4900
182,4900
183,4900
184,4900
185,4900
186,4900
187,4900
188,4900
189,4900
190,4900
191,4900
192,4900
193,4900
194,4900
195,4900
196,4900
197,4900
198,4900
199,4900
