clvl,base_mean_hp(19+10*(L-1)),sd,hp_CON_14,hp_CON_15,hp_CON_16,hp_CON_17,hp_CON_18/00,hp_CON_18/10,hp_CON_18/20,hp_CON_18/30,hp_CON_18/40,hp_CON_18/50
1,19,0.0,19,19,19,20,20,20,21,21,21,21
2,29,5.5,29,30,30,31,32,32,33,33,34,34
3,39,7.7,39,40,41,42,43,44,45,45,46,47
4,49,9.5,50,51,52,53,55,56,57,58,59,60
5,59,11.0,60,61,62,64,66,67,69,70,71,72
6,69,12.2,70,72,73,75,78,79,81,82,84,85
7,79,13.4,80,82,84,86,89,91,93,94,96,98
8,89,14.5,91,93,95,97,101,103,105,107,109,111
9,99,15.5,101,103,105,108,112,114,117,119,121,123
10,109,16.4,111,114,116,119,124,126,129,131,134,136
11,119,17.3,121,124,127,130,135,138,141,143,146,149
12,129,18.2,132,135,138,141,147,150,153,156,159,162
13,139,19.0,142,145,148,152,158,161,165,168,171,174
14,149,19.7,152,156,159,163,170,173,177,180,184,187
15,159,20.5,162,166,170,174,181,185,189,192,196,200
16,169,21.2,173,177,181,185,193,197,201,205,209,213
17,179,21.9,183,187,191,196,204,208,213,217,221,225
18,189,22.6,193,198,202,207,216,220,225,229,234,238
19,199,23.2,203,208,213,218,227,232,237,241,246,251
20,209,23.9,214,219,224,229,239,244,249,254,259,264
21,219,24.5,224,229,234,240,250,255,261,266,271,276
22,229,25.1,234,240,245,251,262,267,273,278,284,289
23,239,25.7,244,250,256,262,273,279,285,290,296,302
24,249,26.3,255,261,267,273,285,291,297,303,309,315
25,259,26.8,265,271,277,284,296,302,309,315,321,327
26,269,27.4,275,282,288,295,308,314,321,327,334,340
27,279,27.9,285,292,299,306,319,326,333,339,346,353
28,289,28.5,296,303,310,317,331,338,345,352,359,366
29,299,29.0,306,313,320,328,342,349,357,364,371,378
30,309,29.5,316,324,331,339,354,361,369,376,384,391
31,319,30.0,326,334,342,350,365,373,381,388,396,404
32,329,30.5,337,345,353,361,377,385,393,401,409,417
33,339,31.0,347,355,363,372,388,396,405,413,421,429
34,349,31.5,357,366,374,383,400,408,417,425,434,442
35,359,31.9,367,376,385,394,411,420,429,437,446,455
36,369,32.4,378,387,396,405,423,432,441,450,459,468
37,379,32.9,388,397,406,416,434,443,453,462,471,480
38,389,33.3,398,408,417,427,446,455,465,474,484,493
39,399,33.8,408,418,428,438,457,467,477,486,496,506
40,409,34.2,419,429,439,449,469,479,489,499,509,519
41,419,34.6,429,439,449,460,480,490,501,511,521,531
42,429,35.1,439,450,460,471,492,502,513,523,534,544
43,439,35.5,449,460,471,482,503,514,525,535,546,557
44,449,35.9,460,471,482,493,515,526,537,548,559,570
45,459,36.3,470,481,492,504,526,537,549,560,571,582
46,469,36.7,480,492,503,515,538,549,561,572,584,595
47,479,37.1,490,502,514,526,549,561,573,584,596,608
48,489,37.5,501,513,525,537,561,573,585,597,609,621
49,499,37.9,511,523,535,548,572,584,597,609,621,633
50,509,38.3,521,534,546,559,584,596,609,621,634,646
