depth_level,level_speeds,level_speed()=x5 (energy threshold)
0,7500,37500
1,9000,45000
2,9100,45500
3,9200,46000
4,9300,46500
5,9400,47000
6,9500,47500
7,9600,48000
8,9700,48500
9,9800,49000
10,9900,49500
11,10000,50000
12,10000,50000
13,10000,50000
14,10000,50000
15,10000,50000
16,10100,50500
17,10200,51000
18,10300,51500
19,10400,52000
20,10500,52500
21,10600,53000
22,10700,53500
23,10800,54000
24,10900,54500
25,11000,55000
26,11100,55500
27,11200,56000
28,11300,56500
29,11400,57000
30,11500,57500
31,11600,58000
32,11700,58500
33,11800,59000
34,11900,59500
35,12000,60000
36,12100,60500
37,12200,61000
38,12300,61500
39,12400,62000
40,12500,62500
41,12600,63000
42,12700,63500
43,12800,64000
44,12900,64500
45,13000,65000
46,13100,65500
47,13200,66000
48,13300,66500
49,13400,67000
50,13500,67500
51,13700,68500
52,13800,69000
53,13900,69500
54,14000,70000
55,14200,71000
56,14300,71500
57,14400,72000
58,14600,73000
59,14800,74000
60,15000,75000
61,15200,76000
62,15400,77000
63,15600,78000
64,15800,79000
65,16000,80000
66,16200,81000
67,16400,82000
68,16600,83000
69,16800,84000
70,17000,85000
71,17200,86000
72,17400,87000
73,17600,88000
74,17800,89000
75,18000,90000
76,18200,91000
77,18400,92000
78,18600,93000
79,18800,94000
80,19000,95000
81,19200,96000
82,19400,97000
83,19600,98000
84,19800,99000
85,20000,100000
86,20000,100000
87,20000,100000
88,20000,100000
89,20000,100000
90,20000,100000
91,20000,100000
92,20000,100000
93,20000,100000
94,20000,100000
95,20000,100000
96,20000,100000
97,20000,100000
98,20000,100000
99,20000,100000
100,20000,100000
101,20000,100000
102,20000,100000
103,20000,100000
104,20000,100000
105,20000,100000
106,20000,100000
107,20000,100000
108,20000,100000
109,20000,100000
110,20000,100000
111,20000,100000
112,20000,100000
113,20000,100000
114,20000,100000
115,20000,100000
116,20000,100000
117,20000,100000
118,20000,100000
119,20000,100000
120,20000,100000
121,20000,100000
122,20000,100000
123,20000,100000
124,20000,100000
125,20000,100000
126,20000,100000
127,20000,100000
