stat_ind,stat_label,adj_str_td,adj_dex_th,adj_str_th,adj_str_blow,adj_dex_blow,adj_con_mhp,adj_wis_sav,adj_dex_dis,adj_int_dis,adj_int_dev,adj_str_hold,adj_dex_ta,adj_str_dig,adj_str_wgt,adj_dex_safe,adj_chr_gold
0,3,-2,-3,-3,3,0,-250,0,0,0,0,4,-4,0,5,0,130
1,4,-2,-2,-2,4,0,-150,0,0,0,0,5,-3,0,6,1,125
2,5,-1,-2,-1,5,0,-100,0,0,0,0,6,-2,1,7,2,122
3,6,-1,-1,-1,6,0,-75,0,0,0,0,7,-1,2,8,3,120
4,7,0,-1,0,7,0,-50,0,0,0,0,8,0,3,9,4,118
5,8,0,0,0,8,0,-25,1,0,1,1,10,0,4,10,5,116
6,9,0,0,0,9,0,-10,1,0,1,1,12,0,4,11,5,114
7,10,0,0,0,10,1,-5,1,0,1,1,14,0,5,12,6,112
8,11,0,0,0,11,1,0,1,0,1,1,16,0,5,13,6,110
9,12,0,0,0,12,1,5,1,0,1,1,18,0,6,14,7,108
10,13,0,0,0,13,1,10,1,1,1,1,20,0,6,15,7,106
11,14,0,0,0,14,1,25,1,1,1,1,22,0,7,16,8,104
12,15,0,0,0,15,1,50,2,1,2,2,24,1,7,17,8,103
13,16,1,1,0,16,1,75,2,2,2,2,26,1,8,18,9,102
14,17,2,2,0,17,1,100,2,2,2,2,28,1,8,19,9,101
15,18/00-18/09,2,3,1,20,1,150,3,4,3,3,30,2,9,20,10,100
16,18/10-18/19,2,3,1,30,2,175,3,4,3,3,30,2,10,22,10,99
17,18/20-18/29,3,3,1,40,2,200,3,4,3,4,35,2,12,24,15,98
18,18/30-18/39,3,3,1,50,2,225,3,4,4,4,40,2,15,26,15,97
19,18/40-18/49,3,3,1,60,2,250,3,5,4,5,45,2,20,28,20,96
20,18/50-18/59,3,4,1,70,3,275,4,5,5,5,50,3,25,30,25,95
21,18/60-18/69,3,4,1,80,3,300,4,5,6,6,55,3,30,30,30,94
22,18/70-18/79,4,4,2,90,4,350,5,6,7,6,60,3,35,30,35,93
23,18/80-18/89,5,4,3,100,4,400,5,6,8,7,65,4,40,30,40,92
24,18/90-18/99,5,5,4,110,5,450,6,7,9,7,70,5,45,30,45,91
25,18/100-18/109,6,6,5,120,6,500,7,8,10,8,80,6,50,30,50,90
26,18/110-18/119,7,7,6,130,7,550,8,8,10,9,80,7,55,30,60,89
27,18/120-18/129,8,8,7,140,8,600,9,8,11,10,80,8,60,30,70,88
28,18/130-18/139,9,9,8,150,9,650,10,8,12,11,80,9,65,30,80,87
29,18/140-18/149,10,9,9,160,10,700,11,8,13,12,80,9,70,30,90,86
30,18/150-18/159,11,10,10,170,11,750,12,9,14,13,90,10,75,30,100,85
31,18/160-18/169,12,11,11,180,12,800,13,9,15,14,90,11,80,30,100,84
32,18/170-18/179,13,12,12,190,14,900,14,9,16,15,90,12,85,30,100,83
33,18/180-18/189,14,13,13,200,16,1000,15,9,17,16,90,13,90,30,100,82
34,18/190-18/199,15,14,14,210,18,1100,16,9,18,17,90,14,95,30,100,81
35,18/200-18/209,16,15,15,220,20,1250,17,10,19,18,100,15,100,30,100,80
36,18/210-18/219,18,15,15,230,20,1250,18,10,19,19,100,15,100,30,100,80
37,18/220+,20,15,15,240,20,1250,19,10,19,20,100,15,100,30,100,80
