clvl,skill_thn_before_stat(12+70+45*L/10),skill_thb(-5+55+45L/10),sav_before_wis(-3+18+10L/10),dis_before_stats(-3+25+10L/10),dev_before_int(-3+18+7L/10),stl_final(-1+1+0+1),srh(0+14),fos(7+2)
1,86,54,16,23,15,1,14,9
2,91,59,17,24,16,1,14,9
3,95,63,18,25,17,1,14,9
4,100,68,19,26,17,1,14,9
5,104,72,20,27,18,1,14,9
6,109,77,21,28,19,1,14,9
7,113,81,22,29,19,1,14,9
8,118,86,23,30,20,1,14,9
9,122,90,24,31,21,1,14,9
10,127,95,25,32,22,1,14,9
11,131,99,26,33,22,1,14,9
12,136,104,27,34,23,1,14,9
13,140,108,28,35,24,1,14,9
14,145,113,29,36,24,1,14,9
15,149,117,30,37,25,1,14,9
16,154,122,31,38,26,1,14,9
17,158,126,32,39,26,1,14,9
18,163,131,33,40,27,1,14,9
19,167,135,34,41,28,1,14,9
20,172,140,35,42,29,1,14,9
21,176,144,36,43,29,1,14,9
22,181,149,37,44,30,1,14,9
23,185,153,38,45,31,1,14,9
24,190,158,39,46,31,1,14,9
25,194,162,40,47,32,1,14,9
26,199,167,41,48,33,1,14,9
27,203,171,42,49,33,1,14,9
28,208,176,43,50,34,1,14,9
29,212,180,44,51,35,1,14,9
30,217,185,45,52,36,1,14,9
31,221,189,46,53,36,1,14,9
32,226,194,47,54,37,1,14,9
33,230,198,48,55,38,1,14,9
34,235,203,49,56,38,1,14,9
35,239,207,50,57,39,1,14,9
36,244,212,51,58,40,1,14,9
37,248,216,52,59,40,1,14,9
38,253,221,53,60,41,1,14,9
39,257,225,54,61,42,1,14,9
40,262,230,55,62,43,1,14,9
41,266,234,56,63,43,1,14,9
42,271,239,57,64,44,1,14,9
43,275,243,58,65,45,1,14,9
44,280,248,59,66,45,1,14,9
45,284,252,60,67,46,1,14,9
46,289,257,61,68,47,1,14,9
47,293,261,62,69,47,1,14,9
48,298,266,63,70,48,1,14,9
49,302,270,64,71,49,1,14,9
50,307,275,65,72,50,1,14,9
