nick,mission,band,minutes,xp_est,gold,fights,hp_lost,potions,escapes,deaths,kills,near_death_fights_lt40pct,stair_acts,stuck_events,gold_sold_in_shops
dive03,P1,town/surface,18.2,54,0,6,9,0,0,0,20,0,113,0,970
dive03,P1,0-250,2.8,0,0,3,0,0,0,0,3,0,222,0,0
dive03,P1,250-500,12.9,262,0,9,173,1,10,0,33,1,651,0,0
dive03,P1,500-750,23.7,777,34,6,228,9,9,0,151,1,37,0,0
dive03,P1,750-1000,4.8,1346,0,2,320,6,21,1,27,2,46,0,0
dive03,P2,town/surface,68.0,0,3068,4,2,0,0,0,38,1,15,0,0
dive03,P2,0-250,18.0,4,28,2,0,0,0,0,11,0,58,0,0
dive03,P2,250-500,4.7,356,232,5,187,6,5,0,38,1,132,0,0
dive03,P2,750-1000,0.1,0,0,0,0,0,0,0,2,0,0,0,0
dive03,m1,town/surface,8.1,70,166,4,19,0,0,0,11,0,3,0,667
dive03,m1,0-250,22.4,51,99,25,29,0,0,0,54,0,683,0,0
dive03,m1,250-500,18.1,212,637,15,101,0,0,0,65,0,396,0,0
dive03,m1,750-1000,1.7,281,83,1,118,5,3,0,4,0,0,0,0
dive03,m2,town/surface,10.5,122,57,3,0,0,0,0,10,0,0,0,364
dive03,m2,500-750,25.2,1050,1521,18,983,16,12,0,90,4,0,0,0
dive03,m2,750-1000,4.6,584,215,4,108,12,11,0,38,0,21,0,0
dive03,m2,1000+,0.2,0,30,1,148,0,2,0,0,1,17,0,0
dive03,m3,town/surface,2.9,14,27,0,0,0,0,0,5,0,4,0,179
dive03,m3,0-250,16.6,1,26,1,0,0,0,0,2,0,44,0,0
dive03,m3,250-500,30.4,844,293,20,150,0,0,0,209,0,28,0,0
dive03,m4,town/surface,4.7,0,58,0,0,0,0,0,0,0,0,0,126
dive03,m4,500-750,30.5,1064,645,25,508,2,2,0,127,1,18,0,0
dive03,m5,town/surface,2.0,0,0,0,0,0,0,0,1,0,5,0,171
dive03,m5,0-250,1.3,0,0,0,0,0,0,0,1,0,54,0,0
dive03,m5,250-500,6.3,15,0,3,8,0,0,0,6,0,97,0,0
dive03,m5,500-750,12.1,156,145,7,39,0,0,0,25,0,0,0,0
dive03,m6,town/surface,1.5,0,0,0,0,0,0,0,0,0,0,0,0
dive03,m6,500-750,17.9,954,556,17,379,1,0,0,72,0,61,2,0
dive03,m6,750-1000,3.5,66,55,4,27,0,0,0,5,0,0,0,0
dive03,m7,town/surface,1.6,0,0,0,0,0,0,0,0,0,0,0,94
dive03,m7,500-750,11.9,951,342,15,474,2,9,1,45,1,0,0,0
dive04,m10,town/surface,1.6,0,0,0,0,0,0,0,1,0,2,0,0
dive04,m10,0-250,21.9,184,152,21,181,0,7,1,66,1,36,0,0
dive04,m11,town/surface,3.0,0,27,0,0,0,0,0,0,0,3,0,40
dive04,m11,0-250,31.2,76,322,26,89,0,0,0,58,0,266,0,0
dive04,m12,town/surface,4.3,0,35,0,0,0,0,0,0,0,16,0,510
dive04,m12,0-250,27.0,109,473,21,72,0,0,0,46,0,185,0,0
dive04,m12,250-500,0.6,7,0,1,9,0,0,0,1,0,36,0,0
dive04,m13,town/surface,14.5,0,0,1,0,0,0,0,2,0,1,0,0
dive04,m13,250-500,21.1,192,296,15,189,0,0,0,24,0,36,0,0
dive04,m8,town/surface,6.0,0,0,0,0,0,0,0,0,0,2,0,512
dive04,m8,0-250,26.4,134,166,19,51,1,0,0,55,1,12,0,0
dive04,m9,town/surface,4.2,0,0,0,0,0,0,0,0,0,7,0,83
dive04,m9,0-250,10.4,140,130,9,99,3,7,0,22,1,45,1,0
dive04,m9,250-500,2.8,23,64,4,80,2,2,0,6,0,2,0,0
