idx,name,symbol,color,level,rarity,speed,hp_dice,hp_avg,hp_max,vision,ac,alertness,exp,n_blows,blow1,blow2,blow3,blow4,melee_max,spell_freq,spells,flags,unique,src_line
151,Baby multi-hued dragon,d,v,11,2,110,13d10,130,130,20,30,70,45,3,CLAW:HURT:1d4,CLAW:HURT:1d4,BITE:HURT:1d6,,14,12,BR_ACID|BR_FIRE|BR_COLD|BR_ELEC|BR_POIS,ATTR_MULTI|FORCE_MAXHP|FORCE_SLEEP|ONLY_GOLD|DROP_60|DROP_1D2|OPEN_DOOR|BASH_DOOR|EVIL|DRAGON|IM_ACID|IM_FIRE|IM_COLD|IM_ELEC|IM_POIS,0,1841
152,Hippogriff,H,U,11,1,110,20d9,100.0,180,12,14,10,30,2,HIT:HURT:2d5,BITE:HURT:2d5,,,20,,,BASH_DOOR|ANIMAL,0,1859
153,Zombified orc,z,s,11,1,110,11d8,49.5,88,20,24,25,30,3,HIT:HURT:1d4,HIT:HURT:1d4,HIT:HURT:1d4,,12,,,COLD_BLOOD|EMPTY_MIND|OPEN_DOOR|BASH_DOOR|EVIL|ORC|UNDEAD|IM_COLD|IM_POIS|NO_CONF|NO_SLEEP|NO_FEAR,0,1869
154,Gnome mage,h,r,11,2,110,7d8,31.5,56,18,20,10,38,1,HIT:HURT:1d5,,,,5,4,BLINK|DARKNESS|BO_COLD|S_MONSTER,MALE|FORCE_SLEEP|DROP_1D2|OPEN_DOOR|BASH_DOOR|EVIL,0,1882
155,Black mamba,J,D,12,3,120,10d8,45.0,80,10,32,1,40,1,BITE:POISON:4d4,,,,16,,,RAND_50|BASH_DOOR|ANIMAL|IM_POIS,0,1896
156,White wolf,C,w,12,1,120,7d7,28.0,49,30,30,20,30,2,BITE:HURT:1d3,BITE:HURT:1d4,,,7,,,RAND_25|FRIENDS|BASH_DOOR|ANIMAL|IM_COLD,0,1906
157,Grape jelly,j,v,12,3,110,52d8,234.0,416,2,1,99,60,1,TOUCH:EXP_10,,,,0,11,DRAIN_MANA,NEVER_MOVE|STUPID|EMPTY_MIND|IM_POIS|HURT_LITE|NO_CONF|NO_SLEEP|NO_FEAR,0,1919
158,Nether worm mass,w,D,12,3,100,5d8,22.5,40,10,15,3,6,1,TOUCH:EXP_10,,,,0,,,RAND_50|RAND_25|STUPID|WEIRD_MIND|MULTIPLY|BASH_DOOR|ANIMAL|HURT_LITE|NO_FEAR,0,1932
159,"Golfimbul, the Hill Orc Chief",o,y,12,3,110,24d10,240,240,20,60,20,230,4,HIT:HURT:1d12,HIT:HURT:1d12,HIT:HURT:1d10,HIT:HURT:1d10,44,,,UNIQUE|MALE|FORCE_MAXHP|ESCORT|ONLY_ITEM|DROP_2D2|DROP_GOOD|OPEN_DOOR|BASH_DOOR|EVIL|ORC|IM_FIRE|IM_COLD|IM_ELEC|IM_POIS,1,1943
160,Master yeek,y,U,12,2,110,12d9,60.0,108,18,24,10,28,1,HIT:HURT:1d8,,,,8,4,BLINK|TPORT|BLIND|SLOW|BA_POIS|S_MONSTER,FORCE_SLEEP|DROP_60|OPEN_DOOR|BASH_DOOR|ANIMAL|EVIL|IM_ACID,0,1959
161,Priest,p,g,12,1,110,12d8,54.0,96,20,22,40,36,2,HIT:HURT:2d3,HIT:HURT:2d3,,,12,3,HEAL|SCARE|CAUSE_2|S_MONSTER,MALE|FORCE_SLEEP|DROP_1D2|SMART|OPEN_DOOR|BASH_DOOR|EVIL,0,1973
162,Dark elven priest,h,g,12,1,120,7d10,38.5,70,20,30,30,50,2,HIT:HURT:1d9,HIT:HURT:1d10,,,19,5,HEAL|BLIND|CONF|CAUSE_2|DARKNESS,MALE|FORCE_SLEEP|ONLY_ITEM|DROP_1D2|SMART|OPEN_DOOR|BASH_DOOR|EVIL|HURT_LITE,0,1989
163,Air spirit,E,B,12,2,130,8d8,36.0,64,12,40,20,40,1,HIT:HURT:1d3,,,,3,,,RAND_50|RAND_25|EMPTY_MIND|INVISIBLE|COLD_BLOOD|BASH_DOOR|IM_ELEC|IM_POIS|NO_CONF|NO_SLEEP|NO_FEAR,0,2005
164,Skeleton human,s,w,12,1,110,10d8,45.0,80,20,30,30,38,1,HIT:HURT:1d8,,,,8,,,EMPTY_MIND|COLD_BLOOD|OPEN_DOOR|BASH_DOOR|EVIL|UNDEAD|IM_COLD|IM_POIS|NO_CONF|NO_SLEEP|NO_FEAR,0,2016
165,Zombified human,z,s,12,1,110,12d8,54.0,96,20,24,20,34,2,HIT:HURT:1d4,HIT:HURT:1d4,,,8,,,EMPTY_MIND|COLD_BLOOD|OPEN_DOOR|BASH_DOOR|EVIL|UNDEAD|IM_COLD|IM_POIS|NO_CONF|NO_SLEEP|NO_FEAR,0,2027
166,Tiger,f,o,12,2,120,12d10,66.0,120,40,40,0,40,3,CLAW:HURT:1d8,CLAW:HURT:1d8,BITE:HURT:1d6,,22,,,BASH_DOOR|ANIMAL,0,2038
167,Moaning spirit,G,u,12,2,120,5d8,22.5,40,14,20,10,44,2,WAIL:TERRIFY,TOUCH:LOSE_DEX:1d8,,,8,15,TPORT|SCARE,FORCE_SLEEP|RAND_25|DROP_60|DROP_90|INVISIBLE|COLD_BLOOD|PASS_WALL|EVIL|UNDEAD|IM_COLD|NO_CONF|NO_SLEEP,0,2050
168,Swordsman,p,u,12,1,110,12d8,54.0,96,20,34,20,40,2,HIT:HURT:3d5,HIT:HURT:3d5,,,30,,,MALE|DROP_1D2|OPEN_DOOR|BASH_DOOR,0,2064
169,Stegocentipede,c,u,12,2,120,13d8,58.5,104,12,30,30,40,3,BITE:HURT:2d4,BITE:HURT:2d4,STING:HURT:2d4,,24,,,WEIRD_MIND|BASH_DOOR|ANIMAL,0,2075
170,Spotted jelly,j,o,12,3,120,13d8,58.5,104,12,18,1,33,3,TOUCH:ACID:1d10,TOUCH:ACID:2d6,TOUCH:ACID:2d6,,34,,,NEVER_MOVE|STUPID|EMPTY_MIND|COLD_BLOOD|IM_ACID|IM_POIS|HURT_LITE|NO_CONF|NO_SLEEP|NO_FEAR,0,2086
171,Drider,S,b,13,2,110,10d13,70.0,130,8,30,80,55,3,HIT:HURT:1d12,HIT:HURT:1d12,BITE:POISON:1d6,,30,8,CONF|CAUSE_1|DARKNESS,FORCE_SLEEP|BASH_DOOR|EVIL|IM_POIS,0,2099
172,Killer brown beetle,K,u,13,1,110,13d8,58.5,104,10,40,30,38,1,BITE:HURT:3d4,,,,12,,,WEIRD_MIND|BASH_DOOR|ANIMAL,0,2113
173,"Boldor, King of the Yeeks",y,v,13,3,120,18d10,180,180,18,24,10,200,3,HIT:HURT:1d9,HIT:HURT:1d9,HIT:HURT:1d8,,26,3,HEAL|BLINK|TPORT|BLIND|SLOW|S_MONSTER|S_KIN,UNIQUE|MALE|FORCE_SLEEP|FORCE_MAXHP|ESCORT|ESCORTS|ONLY_ITEM|DROP_90|DROP_1D2|DROP_GOOD|SMART|OPEN_DOOR|BASH_DOOR|ANIMAL|EVIL|IM_ACID,1,2122
174,Ogre,O,U,13,2,110,13d9,65.0,117,20,33,30,50,1,HIT:HURT:2d8,,,,16,,,FRIENDS|DROP_60|OPEN_DOOR|BASH_DOOR|EVIL|GIANT,0,2140
175,Creeping mithril coins,$,B,13,3,110,20d8,90.0,160,5,50,10,45,2,HIT:HURT:2d5,TOUCH:POISON:3d5,,,25,,,ONLY_GOLD|DROP_90|DROP_2D2|COLD_BLOOD|BASH_DOOR|IM_POIS|IM_ELEC|IM_ACID|NO_CONF|NO_SLEEP,0,2151
176,Illusionist,p,R,13,2,120,12d8,54.0,96,20,10,10,50,1,HIT:HURT:2d2,,,,4,3,HASTE|BLINK|TPORT|BLIND|HOLD|SLOW|CONF|DARKNESS,MALE|FORCE_SLEEP|DROP_1D2|SMART|OPEN_DOOR|BASH_DOOR|EVIL,0,2163
177,Druid,p,G,13,2,110,12d12,78.0,144,20,10,10,50,2,HIT:HURT:2d4,HIT:HURT:2d4,,,16,3,S_ANIMAL|HASTE|BLINK|BLIND|HOLD|SLOW|BO_FIRE|BO_ELEC,MALE|FORCE_SLEEP|DROP_1D2|SMART|OPEN_DOOR|BASH_DOOR|EVIL,0,2176
178,Black orc,o,D,13,1,110,12d10,66.0,120,20,36,20,45,2,HIT:HURT:3d4,HIT:HURT:3d4,,,24,9,ARROW_2,MALE|FRIENDS|DROP_60|OPEN_DOOR|BASH_DOOR|EVIL|ORC|HURT_LITE,0,2191
179,Ochre jelly,j,U,13,3,120,13d8,58.5,104,12,18,1,40,3,TOUCH:ACID:1d10,TOUCH:ACID:2d6,TOUCH:ACID:2d6,,34,,,STUPID|EMPTY_MIND|COLD_BLOOD|TAKE_ITEM|OPEN_DOOR|BASH_DOOR|IM_ACID|IM_POIS|NO_CONF|NO_SLEEP|NO_FEAR,0,2204
180,Giant flea,I,s,14,3,120,2d2,3.0,4,8,25,10,4,1,BITE:HURT:1d2,,,,2,,,RAND_50|RAND_25|MULTIPLY|WEIRD_MIND|BASH_DOOR|ANIMAL,0,2218
181,Ufthak of Cirith Ungol,o,g,14,3,110,32d10,320,320,20,50,20,250,4,HIT:HURT:3d4,HIT:HURT:3d4,HIT:HURT:3d4,HIT:HURT:3d4,48,,,UNIQUE|MALE|FORCE_MAXHP|ESCORT|ONLY_ITEM|DROP_1D2|DROP_GOOD|OPEN_DOOR|BASH_DOOR|EVIL|ORC|IM_COLD|IM_POIS,1,2228
182,Giant white dragon fly,F,w,14,2,110,3d8,13.5,24,12,20,50,60,1,BITE:COLD:1d6,,,,6,10,BR_COLD,FORCE_SLEEP|RAND_50|WEIRD_MIND|BASH_DOOR|ANIMAL|IM_COLD,0,2245
183,Blue icky thing,i,b,14,4,100,10d6,35.0,60,15,20,20,20,4,CRAWL:POISON:1d4,CRAWL:EAT_FOOD,HIT:HURT:1d4,HIT:HURT:1d4,12,8,BLIND|CONF|SCARE,FORCE_SLEEP|RAND_50|MULTIPLY|OPEN_DOOR|BASH_DOOR|EVIL|IM_POIS,0,2258
185,Flesh golem,g,R,14,2,110,12d8,54.0,96,12,30,10,50,2,HIT:HURT:1d6,HIT:HURT:1d6,,,12,,,EMPTY_MIND|BASH_DOOR|IM_ELEC|NO_CONF|NO_SLEEP|NO_FEAR,0,2288
186,Warg,C,s,14,2,120,8d8,36.0,64,20,20,40,40,1,BITE:HURT:1d8,,,,8,,,RAND_25|FRIENDS|BASH_DOOR|ANIMAL|EVIL,0,2299
187,Giant black louse,l,D,14,1,120,1d2,1.5,2,6,7,10,3,1,BITE:HURT:1d2,,,,2,,,RAND_50|WEIRD_MIND|MULTIPLY|ANIMAL,0,2310
188,Lurker,.,w,14,3,110,20d10,200,200,30,25,10,80,2,HIT:HURT:1d8,HIT:HURT:1d8,,,16,,,CHAR_CLEAR|ATTR_CLEAR|NEVER_MOVE|FORCE_MAXHP|EMPTY_MIND|INVISIBLE|COLD_BLOOD|NO_CONF|NO_SLEEP|NO_FEAR,0,2320
189,Wererat,r,D,15,2,110,20d8,90.0,160,10,10,10,45,3,CLAW:HURT:1d8,CLAW:HURT:1d8,BITE:HURT:2d6,,28,9,BLINK|CAUSE_2|BO_COLD|BA_POIS,FORCE_SLEEP|ONLY_GOLD|DROP_60|OPEN_DOOR|BASH_DOOR|ANIMAL|EVIL,0,2333
190,Black ogre,O,D,15,2,110,20d9,100.0,180,20,33,30,75,2,HIT:HURT:2d8,HIT:HURT:2d8,,,32,,,RAND_25|FRIENDS|DROP_60|OPEN_DOOR|BASH_DOOR|EVIL|GIANT,0,2349
191,Magic mushroom patch,",",B,15,2,140,1d1,1.0,1,40,10,0,10,4,SPORE:CONFUSE,SPORE:CONFUSE,SPORE:HALLU,SPORE:HALLU,0,2,BLINK|SLOW|SCARE|DARKNESS,FORCE_SLEEP|NEVER_MOVE|STUPID|EMPTY_MIND|NO_CONF|NO_SLEEP|NO_FEAR,0,2361
192,Guardian naga,n,B,15,2,110,24d11,144.0,264,20,65,120,80,3,CRUSH:HURT:2d8,BITE:HURT:1d8,BITE:HURT:1d8,,32,,,FEMALE|RAND_25|DROP_60|DROP_1D2|OPEN_DOOR|BASH_DOOR|EVIL,0,2376
193,Light hound,Z,o,15,1,110,6d6,21.0,36,30,30,0,50,3,CLAW:HURT:1d4,CLAW:HURT:1d4,BITE:HURT:1d6,,14,5,BR_LITE,FORCE_SLEEP|FRIENDS|BASH_DOOR|ANIMAL,0,2389
194,Dark hound,Z,D,15,1,110,6d6,21.0,36,30,30,0,50,3,CLAW:HURT:1d4,CLAW:HURT:1d4,BITE:HURT:1d6,,14,5,BR_DARK,FORCE_SLEEP|FRIENDS|BASH_DOOR|ANIMAL,0,2404
195,Half-orc,o,s,15,2,110,16d10,88.0,160,20,40,20,50,2,HIT:HURT:3d4,HIT:HURT:3d4,,,24,,,MALE|FRIENDS|DROP_60|OPEN_DOOR|BASH_DOOR|EVIL|ORC,0,2420
196,Giant tarantula,S,o,15,3,120,10d15,80.0,150,8,32,80,70,3,BITE:POISON:1d6,BITE:POISON:1d6,BITE:POISON:1d6,,18,,,WEIRD_MIND|BASH_DOOR|ANIMAL|IM_POIS,0,2434
197,Giant clear centipede,c,w,15,2,110,5d8,22.5,40,12,30,30,30,2,BITE:HURT:2d4,STING:HURT:2d4,,,16,,,ATTR_CLEAR|INVISIBLE|WEIRD_MIND|BASH_DOOR|ANIMAL,0,2445
198,Mirkwood spider,S,g,15,2,120,9d8,40.5,72,15,25,80,25,3,BITE:HURT:1d8,BITE:POISON:1d6,BITE:POISON:1d6,,20,,,FRIENDS|WEIRD_MIND|BASH_DOOR|ANIMAL|EVIL|IM_POIS,0,2456
200,Griffon,H,u,15,1,110,30d8,135.0,240,12,15,10,70,2,HIT:HURT:3d4,BITE:HURT:2d6,,,24,,,BASH_DOOR|ANIMAL,0,2483
201,Homunculus,u,y,15,3,110,8d8,36.0,64,20,32,30,40,2,HIT:PARALYZE:1d2,HIT:HURT:1d10,,,12,,,OPEN_DOOR|BASH_DOOR|EVIL|DEMON|IM_FIRE|NO_FEAR,0,2493
202,Gnome mage,h,r,15,2,110,7d8,31.5,56,20,20,20,40,1,HIT:HURT:1d5,,,,5,4,BLINK|DARKNESS|BO_COLD|S_MONSTER,MALE|FORCE_SLEEP|FRIENDS|DROP_60|OPEN_DOOR|BASH_DOOR|EVIL,0,2503
203,Clear hound,Z,w,15,1,110,6d6,21.0,36,30,30,0,50,3,CLAW:HURT:1d6,CLAW:HURT:1d6,BITE:HURT:1d8,,20,,,ATTR_CLEAR|FRIENDS|INVISIBLE|BASH_DOOR|ANIMAL,0,2517
204,Clay golem,g,U,15,2,110,14d8,63.0,112,12,30,10,60,2,HIT:HURT:1d8,HIT:HURT:1d8,,,16,,,EMPTY_MIND|COLD_BLOOD|BASH_DOOR|IM_FIRE|IM_COLD|IM_ELEC|IM_POIS|HURT_ROCK|NO_CONF|NO_SLEEP|NO_FEAR,0,2530
205,Umber hulk,X,U,16,1,110,20d10,110.0,200,20,50,10,75,4,GAZE:CONFUSE,HIT:HURT:1d6,HIT:HURT:1d6,BITE:HURT:2d6,24,,,EMPTY_MIND|COLD_BLOOD|BASH_DOOR|KILL_WALL|ANIMAL|EVIL|IM_POIS|HURT_ROCK|NO_CONF|NO_SLEEP,0,2542
206,Orc captain,o,o,18,3,110,20d10,110.0,200,20,59,20,80,3,HIT:HURT:3d5,HIT:HURT:3d5,HIT:HURT:3d5,,45,9,ARROW_2,MALE|ESCORT|DROP_90|OPEN_DOOR|BASH_DOOR|EVIL|ORC|IM_POIS,0,2558
207,Gelatinous cube,j,G,16,4,110,36d10,360,360,12,18,1,80,3,TOUCH:ACID:1d10,TOUCH:ACID:1d10,TOUCH:ACID:1d10,,30,,,FORCE_MAXHP|DROP_1D2|DROP_4D2|STUPID|EMPTY_MIND|COLD_BLOOD|TAKE_ITEM|OPEN_DOOR|BASH_DOOR|IM_ACID|IM_FIRE|IM_COLD|IM_ELEC|IM_POIS|NO_CONF|NO_SLEEP|NO_FEAR,0,2571
208,Giant green dragon fly,F,g,16,2,110,3d8,13.5,24,12,20,50,65,1,BITE:POISON:1d6,,,,6,10,BR_POIS,FORCE_SLEEP|RAND_50|RAND_25|WEIRD_MIND|BASH_DOOR|ANIMAL|IM_POIS,0,2589
210,Hummerhorn,I,y,16,4,120,2d2,3.0,4,8,14,10,4,1,BITE:CONFUSE:2d2,,,,4,,,RAND_50|RAND_25|MULTIPLY|WEIRD_MIND|ANIMAL,0,2615
211,"Ulfast, Son of Ulfang",p,U,16,3,110,34d10,340,340,20,40,40,200,4,HIT:HURT:3d5,HIT:HURT:3d5,HIT:HURT:3d5,HIT:HURT:3d5,60,,,UNIQUE|MALE|FORCE_MAXHP|ONLY_ITEM|DROP_90|DROP_GOOD|TAKE_ITEM|OPEN_DOOR|BASH_DOOR|EVIL,1,2625
212,Quasit,u,o,16,2,110,6d8,27.0,48,20,30,20,50,3,BITE:LOSE_DEX:1d6,CLAW:HURT:1d3,CLAW:HURT:1d3,,12,10,BLINK|TPORT|TELE_TO|TELE_LEVEL|BLIND|CONF|SCARE,FORCE_SLEEP|RAND_25|ONLY_ITEM|DROP_1D2|SMART|INVISIBLE|BASH_DOOR|EVIL|DEMON|IM_FIRE,0,2641
213,Imp,u,g,17,2,110,6d8,27.0,48,20,30,20,55,2,HIT:POISON:3d4,HIT:POISON:3d4,,,24,10,BLINK|TPORT|TELE_TO|TELE_LEVEL|BLIND|CONF|SCARE,FORCE_SLEEP|RAND_25|ONLY_ITEM|DROP_1D2|SMART|INVISIBLE|COLD_BLOOD|BASH_DOOR|EVIL|DEMON|IM_FIRE,0,2657
214,Forest troll,T,g,17,1,110,20d10,110.0,200,20,50,40,70,3,HIT:HURT:1d4,HIT:HURT:1d4,BITE:HURT:1d6,,14,,,MALE|FRIENDS|DROP_60|OPEN_DOOR|BASH_DOOR|EVIL|TROLL|HURT_LITE|REGENERATE,0,2672
215,"Nar, the Dwarf",h,y,17,2,110,45d10,450,450,25,70,25,250,4,HIT:HURT:3d5,HIT:HURT:3d5,HIT:HURT:3d5,HIT:HURT:3d5,60,6,HEAL|BLIND|CONF|CAUSE_2|MIND_BLAST,UNIQUE|MALE|FORCE_MAXHP|FORCE_SLEEP|ONLY_ITEM|DROP_1D2|DROP_GOOD|OPEN_DOOR|BASH_DOOR|IM_FIRE|IM_COLD|IM_POIS|NO_CONF|NO_SLEEP,1,2685
216,2-headed hydra,M,u,17,2,110,100d3,200.0,300,20,60,20,80,2,BITE:HURT:2d6,BITE:HURT:2d6,,,24,11,SCARE,FORCE_SLEEP|ONLY_GOLD|DROP_1D2|OPEN_DOOR|BASH_DOOR|MOVE_BODY|ANIMAL,0,2705
217,Water spirit,E,b,17,2,120,9d8,40.5,72,12,28,40,58,2,HIT:HURT:2d4,HIT:HURT:2d4,,,16,,,RAND_25|EMPTY_MIND|COLD_BLOOD|BASH_DOOR|IM_ACID|IM_POIS|IM_WATER|NO_CONF|NO_SLEEP|NO_FEAR,0,2719
218,Giant red scorpion,S,r,17,1,110,11d8,49.5,88,12,44,20,62,2,BITE:HURT:2d4,STING:LOSE_STR:1d7,,,15,,,WEIRD_MIND|BASH_DOOR|ANIMAL,0,2731
219,Earth spirit,E,u,17,2,120,13d8,58.5,104,10,40,50,64,2,HIT:HURT:1d8,HIT:HURT:1d8,,,16,,,RAND_25|EMPTY_MIND|COLD_BLOOD|PASS_WALL|IM_FIRE|IM_COLD|IM_ELEC|IM_POIS|HURT_ROCK|NO_CONF|NO_SLEEP|NO_FEAR,0,2741
220,Fire spirit,E,r,18,2,120,10d9,50.0,90,16,30,20,75,2,HIT:FIRE:2d6,HIT:FIRE:2d6,,,24,,,RAND_25|EMPTY_MIND|BASH_DOOR|IM_FIRE|IM_POIS|NO_CONF|NO_SLEEP|NO_FEAR,0,2754
221,Fire hound,Z,r,18,1,110,10d6,35.0,60,30,30,0,70,3,CLAW:HURT:3d3,CLAW:HURT:3d3,BITE:FIRE:2d6,,30,10,BR_FIRE,FORCE_SLEEP|FRIENDS|BASH_DOOR|ANIMAL|IM_FIRE,0,2766
222,Cold hound,Z,w,18,1,110,10d6,35.0,60,30,30,0,70,3,CLAW:HURT:3d3,CLAW:HURT:3d3,BITE:COLD:2d6,,30,10,BR_COLD,FORCE_SLEEP|FRIENDS|BASH_DOOR|ANIMAL|IM_COLD,0,2782
223,Energy hound,Z,b,18,1,110,10d6,35.0,60,30,30,0,70,3,CLAW:HURT:3d3,CLAW:HURT:3d3,BITE:ELEC:2d6,,30,10,BR_ELEC,FORCE_SLEEP|FRIENDS|BASH_DOOR|ANIMAL|IM_ELEC,0,2798
224,Potion mimic,!,w,18,3,110,10d10,55.0,100,25,30,0,60,3,HIT:POISON:3d4,HIT:HURT:2d3,HIT:HURT:2d3,,24,6,BLIND|CONF|SCARE|CAUSE_2|BO_COLD,CHAR_MULTI|FORCE_SLEEP|NEVER_MOVE|EMPTY_MIND|COLD_BLOOD|NO_CONF|NO_SLEEP|NO_FEAR,0,2814
225,Blink dog,C,B,18,2,120,8d8,36.0,64,20,20,10,50,1,BITE:HURT:1d8,,,,8,4,BLINK|TELE_TO,RAND_25|FRIENDS|BASH_DOOR|ANIMAL,0,2830
226,Uruk,o,B,16,1,110,8d10,80,80,20,50,20,60,2,HIT:HURT:3d5,HIT:HURT:3d5,,,30,9,ARROW_2,MALE|FORCE_MAXHP|FRIENDS|DROP_60|OPEN_DOOR|BASH_DOOR|EVIL|ORC|IM_POIS,0,2844
227,"Shagrat, the Orc Captain",o,g,19,2,110,40d10,400,400,20,60,20,400,4,HIT:HURT:3d8,HIT:HURT:3d8,HIT:HURT:3d5,HIT:HURT:3d5,78,,,UNIQUE|MALE|FORCE_MAXHP|ESCORT|ONLY_ITEM|DROP_1D2|DROP_GOOD|OPEN_DOOR|BASH_DOOR|EVIL|ORC|IM_POIS,1,2858
228,"Gorbag, the Orc Captain",o,g,19,2,110,40d10,400,400,20,60,20,400,4,HIT:HURT:3d8,HIT:HURT:3d8,HIT:HURT:3d5,HIT:HURT:3d5,78,,,UNIQUE|MALE|FORCE_MAXHP|ESCORT|ONLY_ITEM|DROP_1D2|DROP_GOOD|OPEN_DOOR|BASH_DOOR|EVIL|ORC|IM_POIS,1,2874
229,Shambling mound,",",g,18,2,110,20d6,70.0,120,20,16,40,75,2,HIT:HURT:1d8,HIT:HURT:1d8,,,16,4,SHRIEK,ONLY_GOLD|DROP_90|STUPID|EMPTY_MIND|OPEN_DOOR|BASH_DOOR|EVIL|NO_CONF|NO_SLEEP|NO_FEAR,0,2890
231,Giant black dragon fly,F,s,18,2,120,3d8,13.5,24,12,20,50,70,0,,,,,0,10,BR_ACID,FORCE_SLEEP|NEVER_BLOW|RAND_50|RAND_25|WEIRD_MIND|BASH_DOOR|ANIMAL|IM_ACID,0,2918
232,Stone golem,g,W,19,2,100,28d8,126.0,224,12,75,10,100,2,HIT:HURT:1d10,HIT:HURT:1d10,,,20,,,COLD_BLOOD|EMPTY_MIND|BASH_DOOR|IM_FIRE|IM_COLD|IM_ELEC|IM_POIS|HURT_ROCK|NO_CONF|NO_SLEEP|NO_FEAR,0,2929
233,Red mold,m,r,19,1,110,17d8,76.5,136,2,16,70,64,1,SPORE:FIRE:4d4,,,,16,,,NEVER_MOVE|STUPID|EMPTY_MIND|IM_FIRE|IM_POIS|NO_CONF|NO_SLEEP|NO_FEAR,0,2941
234,Giant gold dragon fly,F,y,19,2,120,3d8,13.5,24,12,20,50,75,1,BITE:HURT:1d3,,,,3,10,BR_SOUN,FORCE_SLEEP|RAND_50|RAND_25|WEIRD_MIND|BASH_DOOR|ANIMAL|IM_FIRE,0,2953
235,"Bolg, Son of Azog",o,v,20,4,120,50d10,500,500,20,50,20,800,4,HIT:HURT:3d6,HIT:HURT:3d6,HIT:HURT:3d6,HIT:HURT:3d6,72,,,UNIQUE|MALE|FORCE_MAXHP|ESCORT|ONLY_ITEM|DROP_2D2|DROP_GOOD|OPEN_DOOR|BASH_DOOR|EVIL|ORC|IM_POIS,1,2967
236,Phase spider,S,B,20,2,120,6d8,27.0,48,15,25,80,60,3,BITE:HURT:1d8,BITE:POISON:1d6,BITE:POISON:1d6,,20,5,BLINK|TELE_TO,FRIENDS|WEIRD_MIND|BASH_DOOR|ANIMAL|IM_POIS,0,2984
237,3-headed hydra,M,o,20,2,120,100d5,300.0,500,20,65,20,350,3,BITE:HURT:2d6,BITE:HURT:2d6,BITE:HURT:2d6,,36,9,SCARE,FORCE_SLEEP|ONLY_GOLD|DROP_1D2|DROP_2D2|OPEN_DOOR|BASH_DOOR|MOVE_BODY|ANIMAL,0,2999
238,Earth hound,Z,u,20,1,110,15d8,67.5,120,30,30,0,200,4,BITE:HURT:1d8,BITE:HURT:1d8,CLAW:HURT:3d3,CLAW:HURT:3d3,34,10,BR_SHAR,FORCE_SLEEP|FRIENDS|BASH_DOOR|ANIMAL,0,3014
239,Air hound,Z,g,20,1,110,15d8,67.5,120,30,30,0,200,4,BITE:POISON:1d8,BITE:POISON:1d8,CLAW:HURT:3d3,CLAW:HURT:3d3,34,10,BR_POIS,FORCE_SLEEP|FRIENDS|BASH_DOOR|ANIMAL|IM_POIS,0,3031
240,Sabre-tooth tiger,f,y,20,2,120,20d14,150.0,280,40,50,0,120,4,CLAW:HURT:1d10,CLAW:HURT:1d10,BITE:HURT:1d10,BITE:HURT:1d10,40,,,BASH_DOOR|ANIMAL,0,3048
241,Water hound,Z,s,20,1,110,15d8,67.5,120,30,30,0,200,4,BITE:ACID:1d8,BITE:ACID:1d8,CLAW:HURT:3d3,CLAW:HURT:3d3,34,10,BR_ACID,FORCE_SLEEP|FRIENDS|BASH_DOOR|ANIMAL|IM_ACID,0,3061
242,Chimaera,H,r,20,2,110,20d15,160.0,300,12,15,10,200,3,BUTT:HURT:2d8,BITE:HURT:2d10,BITE:FIRE:2d6,,48,10,BR_FIRE,FORCE_SLEEP|BASH_DOOR|IM_FIRE,0,3078
243,Quylthulg,Q,y,20,1,110,6d8,27.0,48,10,1,0,250,0,,,,,0,4,BLINK|S_MONSTER,FORCE_SLEEP|NEVER_MOVE|NEVER_BLOW|EMPTY_MIND|INVISIBLE|ANIMAL|NO_CONF|NO_SLEEP|NO_FEAR,0,3093
244,Sasquatch,Y,g,20,3,120,20d19,200.0,380,15,40,10,180,3,CLAW:HURT:1d10,CLAW:HURT:1d10,BITE:HURT:2d8,,36,,,OPEN_DOOR|BASH_DOOR|ANIMAL|IM_COLD,0,3105
245,Werewolf,C,D,20,1,110,20d22,230.0,440,15,30,70,150,3,CLAW:HURT:2d6,CLAW:HURT:2d6,BITE:HURT:2d10,,44,,,RAND_25|TAKE_ITEM|OPEN_DOOR|BASH_DOOR|ANIMAL|EVIL,0,3116
246,Dark elven lord,h,s,20,2,120,18d15,144.0,270,20,40,30,500,2,HIT:HURT:3d8,HIT:HURT:3d5,,,39,5,HASTE|BLIND|CONF|DARKNESS|BO_FIRE|BO_COLD,MALE|FORCE_SLEEP|ONLY_ITEM|DROP_2D2|OPEN_DOOR|BASH_DOOR|EVIL|HURT_LITE,0,3128
550,Giant tan bat,b,U,15,2,130,3d8,13.5,24,12,20,50,18,3,BITE:TERRIFY:1d3,CLAW:HURT:1d2,CLAW:HURT:1d2,,7,,,FORCE_SLEEP|RAND_50|ANIMAL,0,8229
561,Crebain,B,D,16,4,120,3d5,9.0,15,40,12,0,20,2,CLAW:HURT:1d4,CLAW:HURT:1d4,,,8,8,SHRIEK,ANIMAL|FRIENDS,0,8368
564,Grizzly bear,q,U,16,2,110,12d12,78.0,144,10,35,10,55,4,CLAW:HURT:1d8,CLAW:HURT:1d8,BITE:HURT:1d12,CRUSH:HURT:1d10,38,,,BASH_DOOR|ANIMAL,0,8407
580,Ranger,p,W,20,1,110,15d11,90.0,165,20,40,40,55,2,HIT:HURT:5d4,HIT:HURT:5d4,,,40,4,S_ANIMAL|ARROW_2|MISSILE|BO_COLD|BO_ELEC|BLINK,MALE|DROP_1D2|TAKE_ITEM|OPEN_DOOR|BASH_DOOR,0,8695
581,Paladin,p,w,20,1,110,15d11,90.0,165,20,40,40,55,2,HIT:HURT:4d5,HIT:HURT:4d5,,,40,4,HEAL|CAUSE_2|SLOW|SCARE|BLIND,MALE|DROP_1D2|TAKE_ITEM|OPEN_DOOR|BASH_DOOR,0,8710
588,Evil eye,e,g,18,3,110,15d8,67.5,120,2,6,10,80,2,GAZE:EXP_10,GAZE:EXP_10,,,0,7,HOLD|TELE_TO,NEVER_MOVE|EVIL|HURT_LITE|NO_FEAR,0,8835
592,Neekerbreeker,I,D,19,4,120,3d2,4.5,6,8,18,10,4,1,BITE:POISON:2d2,,,,4,12,SHRIEK,RAND_50|RAND_25|MULTIPLY|WEIRD_MIND|ANIMAL|EVIL,0,8897
