epoch,depth,hp,hpmax,group,ratio,max_table_danger,monsters
1790573861.1,1,20,20,5,0.25,1,Small koboldx1
1790573867.5,1,17,20,8,0.47,1,Grey moldx1
1790573877.6,1,18,20,10,0.56,2,Clear icky thingx1; Grey moldx1
1790573877.7,1,18,20,8,0.44,1,Grey moldx1
1790573878.2,1,18,20,10,0.56,2,Clear icky thingx1; Grey moldx1
1790573879.4,1,18,20,2,0.11,2,Clear icky thingx1
1790573880.0,1,18,20,2,0.11,2,Clear icky thingx1
1790573936.0,1,20,20,4,0.17,1,Large brown snakex1
1790573943.7,1,32,32,2,0.06,1,Fruit batx1
1790574030.6,1,32,32,2,0.06,2,Giant white mousex1
1790574031.7,1,31,32,4,0.13,2,Giant white mousex2
1790574032.0,1,31,32,6,0.19,2,Giant white mousex3
1790574032.3,1,31,32,4,0.13,2,Giant white mousex2
1790574032.4,1,31,32,2,0.06,2,Giant white mousex1
1790574033.7,1,31,32,2,0.06,2,Giant white mousex1
1790574036.4,1,32,32,2,0.06,2,Giant white mousex1
1790574036.7,1,32,32,4,0.12,2,Giant white mousex2
1790574037.3,1,32,32,2,0.06,2,Giant white mousex1
1790574037.9,1,32,32,4,0.12,2,Giant white mousex2
1790574038.2,1,32,32,2,0.06,2,Giant white mousex1
1790574038.4,1,32,32,4,0.12,2,Giant white mousex2
1790574038.5,1,32,32,2,0.06,2,Giant white mousex1
1790574040.4,1,32,32,2,0.06,2,Giant white mousex1
1790574040.9,1,32,32,4,0.12,2,Giant white mousex2
1790574041.1,1,32,32,2,0.06,2,Giant white mousex1
1790574041.5,1,32,32,4,0.12,2,Giant white mousex2
1790574042.7,1,30,32,2,0.07,2,Giant white mousex1
1790574045.7,1,31,32,2,0.06,2,Giant white mousex1
1790574047.4,1,31,32,4,0.13,2,Giant white mousex2
1790574047.5,1,31,32,6,0.19,2,Giant white mousex3
1790574047.7,1,31,32,8,0.26,2,Giant white mousex4
1790574048.1,1,31,32,6,0.19,2,Giant white mousex3
1790574048.2,1,31,32,4,0.13,2,Giant white mousex2
1790574048.2,1,31,32,6,0.19,2,Giant white mousex3
1790574048.3,1,31,32,4,0.13,2,Giant white mousex2
1790574048.4,1,31,32,6,0.19,2,Giant white mousex3
1790574048.4,1,31,32,2,0.06,2,Giant white mousex1
1790574050.8,1,31,32,2,0.06,2,Clear icky thingx1
1790574052.9,1,30,32,2,0.07,2,Giant white mousex1
1790574236.3,1,32,32,1,0.03,2,White worm massx1
1790574244.3,1,32,32,4,0.12,2,Grey mushroom patchx1
1790574251.1,1,30,32,4,0.13,2,Grey mushroom patchx1
1790574269.3,1,32,32,1,0.03,2,White worm massx1
1790574275.2,1,32,32,1,0.03,2,White worm massx1
1790574284.3,1,32,32,1,0.03,2,White worm massx1
1790574290.7,1,32,32,1,0.03,2,White worm massx1
1790574361.2,1,32,32,1,0.03,2,White worm massx1
1790574369.4,1,32,32,2,0.06,1,Soldier antx1
1790574425.8,1,32,32,4,0.12,1,Giant white centipedex1
1790574449.3,1,32,32,156,4.88,2,Radiation eyex1
1790574458.9,1,32,32,156,4.88,2,Radiation eyex1
1790574468.5,1,32,32,156,4.88,2,Radiation eyex1
1790574469.7,1,32,32,160,4.98,2,Large brown snakex1; Radiation eyex1
1790574470.3,1,32,32,156,4.88,2,Radiation eyex1
1790574478.2,1,32,32,156,4.88,2,Radiation eyex1
1790574480.4,1,46,46,4,0.08,1,Large brown snakex1
1790574514.5,1,46,46,2,0.04,1,Fruit batx1
1790574580.0,1,45,46,1,0.02,0,Rock lizardx1
1790574670.6,1,46,46,1,0.02,0,Large white snakex1
1790574673.8,1,46,46,3,0.07,2,Giant white mousex1; Large white snakex1
1790574675.0,1,46,46,1,0.02,0,Large white snakex1
1790574771.3,2,46,46,16,0.35,3,Cave spiderx2
1790574772.6,2,42,46,8,0.19,3,Cave spiderx1
1790574774.2,2,42,46,5,0.12,1,Blue yeekx1
1790574774.6,2,42,46,9,0.21,1,White harpyx1; Blue yeekx1
1790574774.9,2,42,46,4,0.1,1,White harpyx1
1790574836.8,2,46,46,4,0.09,1,Giant black antx1
1790574856.8,2,66,66,0,0.0,2,Shrieker mushroom patchx1
1790574859.8,2,66,66,6,0.09,2,Novice roguex1
1790574892.5,2,66,66,1,0.02,0,Rock lizardx1
1790574902.2,2,66,66,8,0.12,3,"Grip, Farmer Maggot's dogx1"
1790575020.4,2,66,66,8,0.12,1,Grey moldx1
1790575065.1,2,66,66,3,0.05,3,Jackalx3
1790575067.0,2,66,66,3,0.05,3,Jackalx3
1790575068.2,2,66,66,1,0.02,3,Jackalx1
1790575130.0,2,66,66,3,0.05,3,Jackalx3
1790575135.1,2,66,66,2,0.03,3,Jackalx2
1790575135.5,2,66,66,1,0.02,3,Jackalx1
1790575135.6,2,66,66,2,0.03,3,Jackalx2
1790575135.9,2,66,66,3,0.05,3,Jackalx3
1790575136.5,2,66,66,2,0.03,3,Jackalx2
1790575137.0,2,66,66,3,0.05,3,Jackalx3
1790575137.6,2,66,66,1,0.02,3,Jackalx1
1790575138.2,2,66,66,1,0.02,3,Jackalx1
1790575138.7,2,66,66,1,0.02,3,Jackalx1
1790575143.8,2,66,66,2,0.03,3,Jackalx2
1790575144.4,2,66,66,1,0.02,3,Jackalx1
1790575145.1,2,66,66,1,0.02,3,Jackalx1
1790575146.6,2,66,66,2,0.03,3,Jackalx2
1790575147.6,2,66,66,1,0.02,3,Jackalx1
1790575148.9,2,66,66,1,0.02,3,Jackalx1
1790575150.4,2,66,66,4,0.06,1,White jellyx1
1790575172.7,2,72,72,2,0.03,0,Metallic green centipedex1
1790575319.8,2,72,72,0,0.0,2,Floating eyex1
1790575328.1,2,72,72,0,0.0,2,Floating eyex1
1790575344.4,2,72,72,0,0.0,2,Floating eyex1
1790575350.1,2,72,72,4,0.06,2,Floating eyex1; Blubbering icky thingx1
1790575351.0,2,72,72,0,0.0,2,Floating eyex1
1790575355.1,2,72,72,40,0.56,3,Cave spiderx5
1790575358.3,2,72,72,48,0.67,3,Cave spiderx6
1790575358.3,2,72,72,40,0.56,3,Cave spiderx5
1790575363.1,2,72,72,32,0.44,3,Cave spiderx4
1790575365.2,2,72,72,24,0.33,3,Cave spiderx3
1790575365.9,2,72,72,32,0.44,3,Cave spiderx4
1790575365.9,2,72,72,24,0.33,3,Cave spiderx3
1790575367.0,2,72,72,16,0.22,3,Cave spiderx2
1790575380.7,2,72,72,24,0.33,3,Cave spiderx3
1790575386.0,2,72,72,27,0.38,3,Giant green frogx1; Cave spiderx3
1790575388.4,2,72,72,19,0.26,3,Giant green frogx1; Cave spiderx2
1790575388.7,2,72,72,16,0.22,3,Cave spiderx2
1790575390.9,2,72,72,8,0.11,3,Cave spiderx1
1790575419.1,2,72,72,2,0.03,2,Blue worm massx1
1790575420.6,2,72,72,2,0.03,2,Blue worm massx1
1790575421.3,2,72,72,2,0.03,2,Blue worm massx1
