level,depth,world,door_y,door_x,price,inner_w,inner_h,area,area_from_price_min,area_from_price_max,area_best
Town,0,"0,0",50,176,178125,5,3,15,12,17,15
Town,0,"0,0",57,175,301875,7,3,21,21,29,21
Town,0,"0,0",52,189,472000,8,4,32,32,46,32
Town,0,"0,0",50,57,346500,7,4,28,24,34,28
Town,0,"0,0",51,48,291000,6,4,24,20,28,24
Town,0,"0,0",58,42,135000,5,2,10,9,13,10
Town,0,"0,0",52,32,192000,,,,13,18,15.5
Town,0,"0,0",59,27,21000,2,1,2,2,2,2
Town,0,"0,0",46,17,290250,,,,20,28,24
Town,0,"0,0",16,24,190000,8,2,16,13,18,16
Town,0,"0,0",7,33,243000,,,,17,24,20.5
Town,0,"0,0",2,55,200625,,,,14,19,16.5
Town,0,"0,0",27,17,236000,8,2,16,16,23,16
Town,0,"0,0",15,12,22750,2,1,2,2,2,2
Town,0,"0,0",2,14,346875,,,,24,34,29
Town,0,"0,0",61,14,54500,,,,4,5,4.5
1N,-1,"0,1",5,172,52140,6,4,24,23,24,24
1N,-1,"0,1",14,164,2762,,,,2,2,2
1N,-1,"0,1",21,162,14512,9,1,9,9,9,9
1N,-1,"0,1",17,154,56875,5,5,25,25,25,25
1N,-1,"0,1",6,159,40375,10,2,20,19,20,20
1N,-1,"0,1",15,140,16475,,,,10,10,10
1N,-1,"0,1",7,139,86200,8,4,32,32,34,32
1N,-1,"0,1",2,129,5740,,,,4,4,4
1N,-1,"0,1",21,128,9667,,,,6,6,6
1N,-1,"0,1",28,137,32140,4,4,16,16,17,16
1N,-1,"0,1",31,134,36022,9,2,18,18,18,18
1N,-1,"0,1",36,132,157800,8,6,48,48,49,48
1N,-1,"0,1",38,143,3855,,,,3,3,3
1N,-1,"0,1",34,148,3836,,,,3,3,3
1N,-1,"0,1",30,148,2827,1,2,2,2,2,2
1N,-1,"0,1",33,159,118150,8,5,40,40,41,40
1N,-1,"0,1",33,176,13150,2,4,8,8,8,8
1N,-1,"0,1",24,181,54420,6,4,24,24,25,24
1N,-1,"0,1",16,183,22110,,,,12,13,12.5
1N,-1,"0,1",14,179,53490,,,,24,24,24
1N,-1,"0,1",7,193,34020,6,3,18,17,18,18
1N,-1,"0,1",33,187,11790,4,2,8,8,8,8
1N,-1,"0,1",39,189,1340,1,1,1,1,1,1
1N,-1,"0,1",48,184,66745,,,,27,28,27.5
1N,-1,"0,1",56,190,111600,10,4,40,38,40,40
1N,-1,"0,1",57,143,2717,,,,2,2,2
1N,-1,"0,1",30,105,1213,,,,1,1,1
1N,-1,"0,1",32,97,42761,,,,20,21,20.5
1N,-1,"0,1",46,84,1320,,,,1,1,1
1N,-1,"0,1",25,34,4308,,,,3,3,3
1N,-1,"0,1",23,26,53130,6,4,24,23,24,24
1N,-1,"0,1",16,19,13803,9,1,9,9,9,9
1N,-1,"0,1",11,20,11550,,,,7,7,7
1N,-1,"0,1",8,25,21645,6,2,12,12,13,12
1N,-1,"0,1",4,14,41300,10,2,20,20,20,20
1N,-1,"0,1",4,11,9517,6,1,6,6,6,6
1N,-1,"0,1",11,6,5860,4,1,4,4,4,4
1N,-1,"0,1",16,5,5995,2,2,4,4,4,4
1N,-1,"0,1",23,6,44598,7,3,21,21,21,21
1N,-1,"0,1",25,17,12780,,,,8,8,8
1N,-1,"0,1",7,38,21105,4,3,12,12,12,12
1N,-1,"0,1",36,79,8902,,,,6,6,6
1N,-1,"0,1",58,12,5430,4,1,4,4,4,4
1N,-1,"0,1",61,4,8992,,,,6,6,6
1N,-1,"0,1",14,90,5335,1,4,4,4,4,4
1N,-1,"0,1",2,110,16075,,,,10,10,10
2N,-5,"0,2",26,159,8955,6,1,6,6,6,6
2N,-5,"0,2",30,171,75037,6,5,30,30,31,30
2N,-5,"0,2",34,99,1309968,11,9,99,99,99,99
2N,-5,"0,2",15,95,5530,2,2,4,4,4,4
2N,-5,"0,2",57,84,25970,,,,14,14,14
2N,-5,"0,2",9,29,1458427,,,,102,102,102
"1N, 1E",-6,"1,1",39,180,30100,8,2,16,16,16,16
"1N, 1E",-6,"1,1",42,153,3189562,18,7,126,126,126,126
"1N, 1E",-6,"1,1",14,141,1386,,,,1,1,1
"1N, 1E",-6,"1,1",16,109,25497,7,2,14,14,14,14
"1N, 1E",-6,"1,1",10,104,9060,,,,6,6,6
"1N, 1E",-6,"1,1",11,94,12350,2,4,8,8,8,8
"1N, 1E",-6,"1,1",24,102,27993,5,3,15,15,15,15
"1N, 1E",-6,"1,1",25,95,8347,,,,6,6,6
"1N, 1E",-6,"1,1",6,79,15030,9,1,9,9,9,9
"1N, 1E",-6,"1,1",32,74,59093,5,5,25,25,26,25
"1N, 1E",-6,"1,1",45,64,31500,,,,16,17,16.5
"1N, 1E",-6,"1,1",56,68,17487,,,,10,11,10.5
"1N, 1E",-6,"1,1",55,95,174687,10,5,50,50,51,50
"1N, 1E",-6,"1,1",45,108,4327,1,3,3,3,3,3
"1N, 1E",-6,"1,1",21,52,255525,15,4,60,60,60,60
"1N, 1E",-6,"1,1",4,41,35730,6,3,18,18,18,18
"1N, 1E",-6,"1,1",25,21,8310,,,,6,6,6
"1N, 1E",-6,"1,1",33,31,95812,7,5,35,35,36,35
"1N, 1E",-6,"1,1",38,10,4316,1,3,3,3,3,3
"1N, 1E",-6,"1,1",38,7,5750,,,,4,4,4
"1N, 1E",-6,"1,1",3,15,35617,6,3,18,18,18,18
"1N, 1E",-6,"1,1",10,190,201180,9,6,54,54,55,54
1E,-2,"1,0",59,5,2820,1,2,2,2,2,2
1E,-2,"1,0",62,28,13580,,,,8,9,8.5
1E,-2,"1,0",21,37,5875,,,,4,4,4
1E,-2,"1,0",14,42,10018,,,,7,7,7
1E,-2,"1,0",19,50,21450,6,2,12,12,12,12
1E,-2,"1,0",12,58,31340,4,4,16,16,17,16
1E,-2,"1,0",6,52,37845,9,2,18,18,19,18
1E,-2,"1,0",3,42,12520,,,,8,8,8
1E,-2,"1,0",8,29,15812,2,5,10,10,10,10
1E,-2,"1,0",16,24,14625,3,3,9,9,9,9
1E,-2,"1,0",17,18,9015,3,2,6,6,6,6
1E,-2,"1,0",7,9,77887,10,3,30,30,31,30
1E,-2,"1,0",21,9,22065,6,2,12,12,13,12
1E,-2,"1,0",58,46,41675,,,,20,20,20
1E,-2,"1,0",36,64,80920,8,4,32,31,32,32
1E,-2,"1,0",30,68,2710,,,,2,2,2
1E,-2,"1,0",23,66,94412,,,,35,36,35.5
1E,-2,"1,0",27,60,26306,,,,14,15,14.5
1E,-2,"1,0",2,70,10246,,,,7,7,7
1E,-2,"1,0",4,88,2817,,,,2,2,2
1E,-2,"1,0",2,111,10333,,,,7,7,7
1E,-2,"1,0",4,128,15277,9,1,9,9,9,9
1E,-2,"1,0",10,129,1228,,,,1,1,1
1E,-2,"1,0",13,134,41921,,,,20,21,20.5
1E,-2,"1,0",25,144,200572,9,6,54,54,55,54
1E,-2,"1,0",17,148,11860,4,2,8,8,8,8
1E,-2,"1,0",6,156,21165,6,2,12,12,12,12
1E,-2,"1,0",2,160,65407,9,3,27,27,28,27
1E,-2,"1,0",4,178,10543,7,1,7,7,7,7
1E,-2,"1,0",8,191,17175,5,2,10,10,10,10
1E,-2,"1,0",26,172,849110,11,8,88,88,88,88
1E,-2,"1,0",29,153,11720,2,4,8,8,8,8
1E,-2,"1,0",37,133,12320,,,,8,8,8
1E,-2,"1,0",37,120,5625,,,,4,4,4
1E,-2,"1,0",38,109,41650,10,2,20,20,20,20
1E,-2,"1,0",37,98,11410,7,1,7,7,7,7
1E,-2,"1,0",43,87,32120,,,,16,17,16.5
1E,-2,"1,0",57,85,6010,,,,4,4,4
1E,-2,"1,0",58,75,259200,,,,60,61,60.5
1E,-2,"1,0",62,98,27843,5,3,15,15,15,15
1E,-2,"1,0",55,103,1282,,,,1,1,1
1E,-2,"1,0",59,108,32180,,,,16,17,16.5
1E,-2,"1,0",59,117,8640,,,,6,6,6
1E,-2,"1,0",62,125,13635,9,1,9,9,9,9
1E,-2,"1,0",55,132,16262,5,2,10,10,10,10
1E,-2,"1,0",51,180,114300,,,,39,40,39.5
1E,-2,"1,0",45,188,173500,10,5,50,50,51,50
"1S, 1E",-8,"1,-1",51,23,145312,9,5,45,45,47,45
"1S, 1E",-8,"1,-1",13,4,63945,7,4,28,27,28,28
"1S, 1E",-8,"1,-1",3,14,95400,,,,35,36,35.5
"1S, 1E",-8,"1,-1",10,108,850540,11,8,88,88,88,88
"1S, 1E",-8,"1,-1",38,137,4398,,,,3,3,3
"1S, 1E",-8,"1,-1",48,125,5315,,,,4,4,4
"1S, 1E",-8,"1,-1",50,133,16375,5,2,10,10,10,10
"1S, 1E",-8,"1,-1",60,114,53310,8,3,24,23,24,24
"1S, 1E",-8,"1,-1",24,175,2663700,15,8,120,120,120,120
1S,-3,"0,-1",56,10,15650,,,,9,10,9.5
1S,-3,"0,-1",57,7,22080,,,,12,13,12.5
1S,-3,"0,-1",46,7,43811,,,,20,21,20.5
1S,-3,"0,-1",35,18,53460,6,4,24,24,24,24
1S,-3,"0,-1",9,2,7137,,,,5,5,5
1S,-3,"0,-1",9,8,12830,,,,8,8,8
1S,-3,"0,-1",52,69,30140,4,4,16,16,16,16
1S,-3,"0,-1",57,73,9337,3,2,6,6,6,6
1S,-3,"0,-1",62,81,11900,2,4,8,8,8,8
1S,-3,"0,-1",49,80,4470,,,,3,3,3
1S,-3,"0,-1",44,84,9150,3,2,6,6,6,6
1S,-3,"0,-1",38,89,5545,,,,4,4,4
1S,-3,"0,-1",49,134,22260,4,3,12,12,13,12
1S,-3,"0,-1",55,142,56610,,,,24,25,24.5
1S,-3,"0,-1",53,157,74775,10,3,30,30,31,30
1S,-3,"0,-1",47,159,5725,4,1,4,4,4,4
1S,-3,"0,-1",61,178,44021,7,3,21,21,21,21
1S,-3,"0,-1",59,191,13916,3,3,9,9,9,9
1S,-3,"0,-1",45,185,145481,9,5,45,45,47,45
1S,-3,"0,-1",41,184,36967,,,,18,19,18.5
1S,-3,"0,-1",32,189,6050,4,1,4,4,4,4
1S,-3,"0,-1",31,194,4485,1,3,3,3,3,3
1S,-3,"0,-1",27,192,2892,2,1,2,2,2,2
1S,-3,"0,-1",21,183,5305,,,,4,4,4
1S,-3,"0,-1",22,176,29381,3,5,15,15,16,15
1S,-3,"0,-1",7,190,15612,2,5,10,9,10,10
1S,-3,"0,-1",11,174,4346,,,,3,3,3
1S,-3,"0,-1",14,165,22170,,,,12,13,12.5
1S,-3,"0,-1",41,72,26306,5,3,15,14,15,15
1S,-3,"0,-1",53,48,531443,11,7,77,77,77,77
1S,-3,"0,-1",52,22,5800,,,,4,4,4
1S,-3,"0,-1",33,7,28893,,,,15,16,15.5
2S,-9,"0,-2",37,168,487500,15,5,75,75,75,75
2S,-9,"0,-2",60,188,96600,7,5,35,35,36,35
2S,-9,"0,-2",13,174,51780,6,4,24,23,24,24
2S,-9,"0,-2",11,194,21345,,,,12,12,12
2S,-9,"0,-2",4,143,9720,,,,6,6,6
2S,-9,"0,-2",25,130,3790455,22,6,132,132,132,132
2S,-9,"0,-2",5,114,41950,10,2,20,20,21,20
2S,-9,"0,-2",3,84,112500,,,,39,40,39.5
2S,-9,"0,-2",17,71,26075,,,,14,14,14
2S,-9,"0,-2",24,70,21675,,,,12,13,12.5
2S,-9,"0,-2",33,46,70805,,,,28,29,28.5
2S,-9,"0,-2",24,31,563692,13,6,78,78,78,78
2S,-9,"0,-2",44,24,2422188,,,,117,117,117
2S,-9,"0,-2",61,69,14197,,,,9,9,9
2S,-9,"0,-2",52,79,39000,4,5,20,19,20,20
2S,-9,"0,-2",52,100,218570,14,4,56,56,57,56
2S,-9,"0,-2",53,120,111400,10,4,40,38,40,40
"1S, 1W",-10,"-1,-1",30,3,22290,3,4,12,12,13,12
"1S, 1W",-10,"-1,-1",25,40,3193185,18,7,126,126,126,126
"1S, 1W",-10,"-1,-1",46,61,156960,12,4,48,47,49,48
"1S, 1W",-10,"-1,-1",59,58,8445,2,3,6,6,6,6
"1S, 1W",-10,"-1,-1",36,77,21630,6,2,12,12,13,12
"1S, 1W",-10,"-1,-1",40,91,135300,9,5,45,43,45,45
"1S, 1W",-10,"-1,-1",54,89,132240,11,4,44,43,44,44
"1S, 1W",-10,"-1,-1",38,114,43496,7,3,21,20,21,21
"1S, 1W",-10,"-1,-1",36,126,9367,,,,6,6,6
"1S, 1W",-10,"-1,-1",25,133,39350,,,,19,20,19.5
"1S, 1W",-10,"-1,-1",16,137,13380,4,2,8,8,8,8
"1S, 1W",-10,"-1,-1",12,125,13601,,,,8,9,8.5
"1S, 1W",-10,"-1,-1",17,107,490312,15,5,75,75,75,75
"1S, 1W",-10,"-1,-1",4,105,33750,,,,17,18,17.5
"1S, 1W",-10,"-1,-1",2,81,60783,,,,26,27,26.5
"1S, 1W",-10,"-1,-1",15,75,20640,3,4,12,12,12,12
"1S, 1W",-10,"-1,-1",54,131,259650,15,4,60,60,61,60
"1S, 1W",-10,"-1,-1",46,153,251550,,,,60,60,60
"1S, 1W",-10,"-1,-1",32,179,252600,15,4,60,60,60,60
"1S, 1W",-10,"-1,-1",57,184,41075,5,4,20,20,20,20
"1S, 1W",-10,"-1,-1",2,151,6070,,,,4,4,4
1W,-4,"-1,0",2,6,16437,5,2,10,10,10,10
1W,-4,"-1,0",0,0,0,1,1,1,,,1
1W,-4,"-1,0",9,3,51690,8,3,24,23,24,24
1W,-4,"-1,0",16,13,154620,8,6,48,47,48,48
1W,-4,"-1,0",19,26,4271,3,1,3,3,3,3
1W,-4,"-1,0",10,31,39650,5,4,20,19,20,20
1W,-4,"-1,0",10,39,2742,,,,2,2,2
1W,-4,"-1,0",2,32,7418,,,,5,5,5
1W,-4,"-1,0",6,47,16862,2,5,10,10,10,10
1W,-4,"-1,0",20,46,7818,1,5,5,5,5,5
1W,-4,"-1,0",20,61,42875,,,,20,21,20.5
1W,-4,"-1,0",18,68,12880,,,,8,8,8
1W,-4,"-1,0",15,73,21870,,,,12,13,12.5
1W,-4,"-1,0",8,69,4113,1,3,3,3,3,3
1W,-4,"-1,0",10,63,7500,,,,5,5,5
1W,-4,"-1,0",2,62,6075,4,1,4,4,4,4
1W,-4,"-1,0",11,82,9390,2,3,6,6,6,6
1W,-4,"-1,0",4,85,15412,10,1,10,9,10,10
1W,-4,"-1,0",3,95,34425,6,3,18,17,18,18
1W,-4,"-1,0",15,103,4470,3,1,3,3,3,3
1W,-4,"-1,0",11,112,4338,1,3,3,3,3,3
1W,-4,"-1,0",17,113,2745,,,,2,2,2
1W,-4,"-1,0",14,146,4241,3,1,3,3,3,3
1W,-4,"-1,0",32,105,1246,,,,1,1,1
1W,-4,"-1,0",31,99,3750,1,3,3,3,3,3
1W,-4,"-1,0",35,86,3956,,,,3,3,3
1W,-4,"-1,0",46,101,488156,15,5,75,75,75,75
1W,-4,"-1,0",60,102,15120,9,1,9,9,9,9
1W,-4,"-1,0",20,85,162360,12,4,48,48,49,48
1W,-4,"-1,0",37,51,3405760,16,8,128,128,128,128
1W,-4,"-1,0",61,15,25865,,,,14,14,14
1W,-4,"-1,0",55,5,16450,2,5,10,10,10,10
1W,-4,"-1,0",46,11,1280,1,1,1,1,1,1
1W,-4,"-1,0",36,14,81280,8,4,32,31,32,32
"1N, 1W",-12,"-1,1",10,99,27693,3,5,15,15,15,15
"1N, 1W",-12,"-1,1",16,82,283845,9,7,63,63,63,63
"1N, 1W",-12,"-1,1",22,62,24552,7,2,14,13,14,14
"1N, 1W",-12,"-1,1",23,48,19455,3,4,12,11,12,12
"1N, 1W",-12,"-1,1",37,54,72450,10,3,30,29,30,30
"1N, 1W",-12,"-1,1",47,46,31360,,,,16,17,16.5
"1N, 1W",-12,"-1,1",58,66,73312,10,3,30,29,30,30
"1N, 1W",-12,"-1,1",51,88,13490,,,,8,9,8.5
"1N, 1W",-12,"-1,1",30,116,24517,,,,13,14,13.5
"1N, 1W",-12,"-1,1",39,120,16350,,,,10,10,10
"1N, 1W",-12,"-1,1",60,145,7443,,,,5,5,5
"1N, 1W",-12,"-1,1",59,185,143793,9,5,45,45,46,45
"1N, 1W",-12,"-1,1",23,21,291483,9,7,63,63,63,63
"1N, 1W",-12,"-1,1",38,7,17212,10,1,10,10,10,10
"1N, 1W",-12,"-1,1",47,7,37980,,,,18,19,18.5
2W,-11,"-2,0",55,25,2487,1,2,2,2,2,2
2W,-11,"-2,0",53,7,163250,10,5,50,49,50,50
2W,-11,"-2,0",30,6,34942,6,3,18,17,18,18
2W,-11,"-2,0",4,55,73125,10,3,30,29,30,30
2W,-11,"-2,0",7,85,490593,15,5,75,75,75,75
2W,-11,"-2,0",42,103,3836,,,,3,3,3
2W,-11,"-2,0",53,91,60000,,,,25,26,25.5
2W,-11,"-2,0",57,103,40450,,,,19,20,19.5
2W,-11,"-2,0",61,123,100395,,,,36,37,36.5
2W,-11,"-2,0",55,159,9195,,,,6,6,6
2W,-11,"-2,0",46,178,27187,,,,14,15,14.5
2W,-11,"-2,0",54,188,9472,3,2,6,6,6,6
2W,-11,"-2,0",21,188,7825,5,1,5,5,5,5
2W,-11,"-2,0",9,172,83400,8,4,32,32,33,32
2W,-11,"-2,0",19,146,93056,7,5,35,34,35,35
2W,-11,"-2,0",21,128,157380,,,,48,49,48.5
2W,-11,"-2,0",51,76,4477,1,3,3,3,3,3
2W,-11,"-2,0",60,72,13500,,,,8,9,8.5
2W,-11,"-2,0",55,56,29040,,,,15,16,15.5
2E,-7,"2,0",40,161,2665200,,,,120,120,120
2E,-7,"2,0",16,134,7468,5,1,5,5,5,5
2E,-7,"2,0",10,162,64995,7,4,28,27,28,28
2E,-7,"2,0",4,184,9382,6,1,6,6,6,6
2E,-7,"2,0",8,192,31380,4,4,16,16,17,16
2E,-7,"2,0",36,188,7237,,,,5,5,5
2E,-7,"2,0",53,101,194430,9,6,54,53,54,54
2E,-7,"2,0",37,70,13420,8,1,8,8,8,8
2E,-7,"2,0",25,61,55843,5,5,25,24,25,25
2E,-7,"2,0",16,53,8602,2,3,6,6,6,6
2E,-7,"2,0",28,45,5950,1,4,4,4,4,4
2E,-7,"2,0",41,50,219550,8,7,56,56,57,56
2E,-7,"2,0",54,68,74475,,,,29,30,29.5
2E,-7,"2,0",16,94,5450,,,,4,4,4
2E,-7,"2,0",11,83,23870,,,,13,14,13.5
2E,-7,"2,0",11,77,2577,,,,2,2,2
2E,-7,"2,0",9,67,44756,7,3,21,21,22,21
2E,-7,"2,0",11,40,2665,1,2,2,2,2,2
2E,-7,"2,0",27,28,281246,9,7,63,62,63,63
2E,-7,"2,0",43,19,74287,,,,29,30,29.5
2E,-7,"2,0",31,4,29718,3,5,15,15,16,15
