time,depth,level,door_y,door_x,store_name,owner,slot,name,full_name,count,price_each,ask_price,weight_each,gc,ga,attr,examine_text
2026-09-25T17:08:21Z,0,Town,4,88,Store,Grimseed,0,"a Set of Leather Gloves of the Istari (+2,+2) [1,+8] (+2)","A Set of Leather Gloves of the Istari (+2,+2) [1,+8] (+2)",1,156009,,0.5,],15,15,It increases your intelligence and wisdom by 2.  It provides resistance to dark.  It grants you immunity to paralysis.
2026-09-25T17:08:56Z,0,Town,14,46,Store,Grimdigger,0,"a Set of Cesti of the Istari (+5,+3) [5,+13] (+1)","A Set of Cesti of the Istari (+5,+3) [5,+13] (+1)",1,157800,,4.0,],9,15,It increases your intelligence and wisdom by 1.  It provides resistance to fear.  It grants you immunity to paralysis.
2026-09-25T17:08:56Z,0,Town,14,46,Store,Grimdigger,1,"a Large Leather Shield of Elvenkind [4,+14] (+1 to stealth)","A Large Leather Shield of Elvenkind [4,+14] (+1 to stealth)",1,90000,90000,10.0,),15,15,"It increases your stealth by 1.  It provides resistance to acid, lightning, fire, cold, and blindness.  It cannot be harmed by the elements."
2026-09-25T17:08:56Z,0,Town,14,46,Store,Grimdigger,2,5 Rods of Detection,5 Rods of Detection,5,15000,,1.5,-,2,10,"It detects all treasure, objects, secret doors, stairs, traps, and monsters in the immediate area. It cannot be harmed by electricity. You have almost no chance to successfully use this item."
2026-09-25T17:08:56Z,0,Town,14,46,Store,Grimdigger,3,9 Rods of Illumination,9 Rods of Illumination,9,3000,,1.5,-,9,10,"It lights up an area with a radius of 2 squares, plus the entire room if you are currently in one.  This inflicts 2d8 points of damage on any light-sensitive creatures within the radius of the spell. You have a moderate chance to successfully use this item."
2026-09-25T17:08:56Z,0,Town,14,46,Store,Grimdigger,4,"an Orcish Shield of Elvenkind [5,+26] (+1) (+2 to stealth)","An Orcish Shield of Elvenkind [5,+26] (+1) (+2 to stealth)",1,102300,,10.0,),8,15,"It increases your strength and constitution by 1.  It increases your stealth by 2.  It provides resistance to acid, lightning, fire, cold, and dark.  It cannot be harmed by the elements."
2026-09-25T17:08:56Z,0,Town,14,46,Store,Grimdigger,5,"a Two-Handed Flail (Holy Avenger) (3d6) (+17,+16) [+2] (+2)","A Two-Handed Flail (Holy Avenger) (3d6) (+17,+16) [+2] (+2)",1,73470,,28.0,\,11,1,"It increases your wisdom by 2.  It slays demons, undead, and all evil creatures.  It provides resistance to fear.  It sustains your strength.  It is blessed by the gods.  It grants you the ability to see invisible things."
2026-09-25T17:08:56Z,0,Town,14,46,Store,Grimdigger,6,4 Scrolls of *Remove Curse*,4 Scrolls of *Remove Curse*,4,24000,,0.5,?,1,1,It removes all ordinary and heavy curses from all equipped objects. Permanent curses are unaffected.
2026-09-25T17:08:56Z,0,Town,14,46,Store,Grimdigger,7,a Holy Book of Prayers [Wrath of God],A Holy Book of Prayers [Wrath of God],1,300000,,3.0,?,5,13,It cannot be harmed by the elements.
2026-09-25T17:08:56Z,0,Town,14,46,Store,Grimdigger,8,6 Rods of Recall,6 Rods of Recall,6,12000,,1.5,-,9,10,It invokes the spell of recall. It cannot be harmed by electricity. You have almost no chance to successfully use this item.
2026-09-25T17:08:56Z,0,Town,14,46,Store,Grimdigger,9,"Chain Mail of Elvenkind (-2) [14,+11] (+2 to stealth)","Chain Mail of Elvenkind (-2) [14,+11] (+2 to stealth)",1,50550,,22.0,[,2,2,"It increases your stealth by 2.  It provides resistance to acid, lightning, fire, cold, and nether.  It cannot be harmed by the elements."
2026-09-25T17:08:56Z,0,Town,14,46,Store,Grimdigger,10,"a Cloak of Lordly Resistance [1,+18]","A Cloak of Lordly Resistance [1,+18]",1,755409,,1.0,(,5,15,"It provides resistance to acid, lightning, fire, and cold.  It activates for resistance every 150+d50 turns.  It cannot be harmed by the elements. You have an very good chance to successfully use this item."
2026-09-25T17:08:56Z,0,Town,14,46,Store,Grimdigger,11,"a Cloak of the Magi [1,+16] (+2)","A Cloak of the Magi [1,+16] (+2)",1,12609,,1.0,(,5,15,It increases your intelligence by 2.  It increases your stealth by 2.  It provides resistance to life draining.  It sustains your intelligence.  It cannot be harmed by acid.
2026-09-25T17:08:56Z,0,Town,14,46,Store,Grimdigger,12,"a Set of Gauntlets of the Istari (+5,+4) [2,+9] (+1)","A Set of Gauntlets of the Istari (+5,+4) [2,+9] (+1)",1,250000,250000,2.5,],15,15,It increases your intelligence and wisdom by 1.  It provides resistance to fear.  It grants you immunity to paralysis.
2026-09-25T17:07:52Z,0,Town,14,113,Store,Bonaventure,0,28 Potions of Enlightenment,28 Potions of Enlightenment,28,50000,50000,0.4,!,5,14,It completely lights up and magically maps the current dungeon level.
2026-09-25T17:09:03Z,0,Town,25,49,Store,Grimrock,0,"a Cloak of the Magi [1,+9] (+2)","A Cloak of the Magi [1,+9] (+2)",1,10509,,1.0,(,5,15,It increases your intelligence by 2.  It increases your stealth by 2.  It provides resistance to life draining.  It sustains your intelligence.  It cannot be harmed by acid.
2026-09-25T17:09:03Z,0,Town,25,49,Store,Grimrock,1,"a Long Sword (Holy Avenger) (2d5) (+16,+8) [+3] (+4)","A Long Sword (Holy Avenger) (2d5) (+16,+8) [+3] (+4)",1,71400,,13.0,|,9,1,"It increases your wisdom by 4.  It slays demons, undead, and all evil creatures.  It provides resistance to fear.  It sustains your wisdom.  It is blessed by the gods.  It grants you the ability to see invisible things."
2026-09-25T17:09:03Z,0,Town,25,49,Store,Grimrock,2,a Ring of Intelligence (+6),A Ring of Intelligence (+6),1,10000,10000,0.2,=,9,4,It increases your intelligence by 6.  It sustains your intelligence.
2026-09-25T17:09:03Z,0,Town,25,49,Store,Grimrock,3,a Rod of Recall,A Rod of Recall,1,12000,,1.5,-,9,10,It invokes the spell of recall. It cannot be harmed by electricity. You have almost no chance to successfully use this item.
2026-09-25T17:10:06Z,0,Town,35,27,Store,Grimlight,0,2 Holy Books of Prayers [Purifications and Healing],2 Holy Books of Prayers [Purifications and Healing],2,90000,,3.0,?,5,13,It cannot be harmed by the elements.
2026-09-25T17:10:06Z,0,Town,35,27,Store,Grimlight,1,a Holy Book of Prayers [Holy Infusions],A Holy Book of Prayers [Holy Infusions],1,150000,,3.0,?,5,13,It cannot be harmed by the elements.
2026-09-25T17:10:06Z,0,Town,35,27,Store,Grimlight,2,a Holy Book of Prayers [Wrath of God],A Holy Book of Prayers [Wrath of God],1,300000,,3.0,?,5,13,It cannot be harmed by the elements.
2026-09-25T17:10:06Z,0,Town,35,27,Store,Grimlight,3,2 Holy Books of Prayers [Godly Insights],2 Holy Books of Prayers [Godly Insights],2,30000,,3.0,?,5,13,It cannot be harmed by the elements.
2026-09-25T17:10:06Z,0,Town,35,27,Store,Grimlight,4,5 Holy Books of Prayers [Ethereal Openings],5 Holy Books of Prayers [Ethereal Openings],5,15000,,3.0,?,5,13,It cannot be harmed by the elements.
2026-09-25T17:09:12Z,0,Town,38,55,Store,Zal,0,a Staff of the Magi (4 charges),A Staff of the Magi (4 charges),1,100000,100000,5.0,_,4,15,It restores both intelligence and mana points to maximum if either or both are currently below maximum. You have almost no chance to successfully use this item.
2026-09-25T17:09:12Z,0,Town,38,55,Store,Zal,1,a Staff of Power (3 charges),A Staff of Power (3 charges),1,100000,100000,5.0,_,4,15,It inflicts 120 points of damage on all monsters within line of sight. You have almost no chance to successfully use this item.
2026-09-25T17:09:12Z,0,Town,38,55,Store,Zal,2,2 Staffs of Holiness (3 charges avg),2 Staffs of Holiness (7 charges),2,100000,100000,5.0,_,1,15,"It inflicts 120 points of damage on all evil monsters within line of sight, cures 50 points of damage, cures all stunning, heals all cut damage, neutralizes poison, removes fear, and also grants you the enchantment of protection from evil for a duration equal to 1d25 plus three times your character level. You have almost no chance to successfully use this item."
2026-09-25T17:09:12Z,0,Town,38,55,Store,Zal,3,11 Wands of Stone to Mud (5 charges avg),11 Wands of Stone to Mud (59 charges),11,25000,25000,1.0,-,9,5,"It turns the first section of wall encountered by the beam shot by this spell into mud.  Permanent walls are not affected.  If a monster that is susceptible to rock remover is caught in the beam, it will take 20+1d30 points of damage. You have a good chance to successfully use this item."
2026-09-25T17:12:38Z,0,Town,52,151,Store,Axia,0,2 Rings of Speed (+6),2 Rings of Speed (+6),2,1200000,,0.2,=,7,4,It increases your speed by 6.
2026-09-25T17:12:38Z,0,Town,52,151,Store,Axia,1,a Ring of Speed (+5),A Ring of Speed (+5),1,1050000,,0.2,=,7,4,It increases your speed by 5.
