t,hp,pos,monsters_adjacent,pilot_event,game_messages
23:02:30 (+150),151,"(26, 80)","Large kobold@25,83",,(ack custom . dir=1); (ack custom . dir=7); (monlist Large kobold ('k')/('k'):[1])
23:02:31 (+151),151,"(26, 80)",,,(ack walk 5); (ack walk 2) x2; (monlist Large kobold ('k')/('k'):[1])
23:02:32 (+152),151,"(27, 80)","Large kobold@26,82",,miss; hit x2; It was a good hit!; The Large kobold hits you.; It was a great hit!
23:02:33 (+153),150,"(28, 80)","Large kobold@27,81",,hit x4; miss; The Large kobold flees in terror!; You have slain the Large kobold.
23:02:34 (+154),151,"(27, 81)","Large kobold@27,81",,(ack walk 9); You have found 61 gold pieces worth of gold.; (ack custom . dir=2)
23:02:35 (+155),151,"(28, 81)","Brodda, the Easterling@29,82","GOAL flee (Brodda, the Easterling):  | ATTENTION danger_seen: Brodda, the Easterling (rated 4: lethal until clvl 17) in view while dive 500ft: heading for the stairs | ATTENTION goal_failed: flee (Brodda, the Easterling): no stairs known","(monlist Brodda, the Easterling ('p')/('p'):[1]); hit x2; miss; (ack walk 5)"
23:02:36 (+156),132,"(28, 81)","Brodda, the Easterling@29,82",,"hit x4; Brodda, the Easterling hits you. x3; Brodda, the Easterling misses you.; It was a great hit!"
23:02:37 (+157),113,"(28, 81)","Brodda, the Easterling@29,82",,"miss x2; hit x2; Brodda, the Easterling hits you. x4"
23:02:38 (+158),113,"(28, 81)","Brodda, the Easterling@29,82",,"hit x5; Brodda, the Easterling hits you. x3; Brodda, the Easterling misses you."
23:02:39 (+159),88,"(28, 81)","Brodda, the Easterling@29,82","ATTENTION fight_going_badly: HP 88/151 fighting Brodda, the Easterling | NAV_JOURNAL 23:02:39 450ft 58% | ate the last ration (hungry); a Ration  | GOAL goto 50,175: ",hit x4; (ack walk 6) x2
23:02:40 (+160),58,"(28, 82)","Brodda, the Easterling@29,82","ACT custom r item=6 [low HP: phase door] | ATTENTION emergency: low HP: read Phase Door (Brodda, the Easterling adjacent) | ATTENTION emergency: low HP: losing ~18 HP/s, more than the best potion heals (25): escaping instead | NOTE : held (a read/quaff is still unconfirmed): low HP: word of recall (potions too weak) | NOTE : not reported (held): low HP: read Word of Recall (potions too weak for the damage)","Brodda, the Easterling hits you. x3; Brodda, the Easterling misses you.; (ack custom r item=6)"
23:02:41 (+161),27,"(34, 76)",,NOTE : held (a read/quaff is still unconfirmed): low HP: phase door (potions too weak) | NOTE : held (a read/quaff is still unconfirmed): low HP: word of recall (last resort) | NOTE : not reported (held): low HP: read Word of Recall as a last resort | ACT custom r item=7 [low HP: word of recall (last resort)] | ATTENTION emergency: low HP: read Word of Recall as a last resort,"Brodda, the Easterling hits you. x4; You have 8 Scrolls of Phase Door {25% off}.; (ack custom r item=7)"
23:02:42 (+162),27,"(34, 76)",,ATTENTION emergency_loop: third emergency in 90 s and no stairs known nearby: consider Word of Recall or leaving this area | ACT custom q item=5 [low HP: quaff a Potion of Cure Critical Wounds {25% off}] | ATTENTION emergency: low HP: quaffed a Potion of Cure Critical Wounds {25% off} (losing ~21 HP/s),The air about you becomes charged...; You have no more Scrolls of Word of Recall {@R550}.; (ack custom q item=5)
23:02:43 (+163),55,"(34, 76)",,ACT custom q item=4 [low HP: quaff 5 Potions of Cure Serious Wounds {25% off}] | ATTENTION emergency: low HP: quaffed a Potion of Cure Serious Wounds {25% off} (losing ~11 HP/s),You feel much better. x2; You have no more Potions of Cure Critical Wounds {25% off}.; (ack custom q item=4); You have 4 Potions of Cure Serious Wounds {25% off}.
23:02:44 (+164),80,"(34, 76)","Brodda, the Easterling@33,78",ACT rest [rest],"(ack rest); (monlist Brodda, the Easterling ('p')/('p'):[1])"
23:02:45 (+165),81,"(34, 76)","Brodda, the Easterling@34,77","GOAL flee (Brodda, the Easterling):  | ATTENTION danger_seen: Brodda, the Easterling (rated 4: lethal until clvl 17) in view while goto 50,175: heading for the stairs | ATTENTION goal_failed: flee (Brodda, the Easterling): no stairs known | ACT custom r item=5 [flee failed, monsters adjacent: phase door]","hit x4; miss; (ack custom r item=5); Brodda, the Easterling hits you. x3; Brodda, the Easterling misses you."
23:02:46 (+166),70,"(30, 82)",,NOTE : held (a read/quaff is still unconfirmed): low HP: quaff 15 Potions of Cure Light Wounds | NOTE : not reported (held): low HP: quaffed a Potion of Cure Light Wounds (losing ~4 HP/s) | ACT custom q item=3 [low HP: quaff 15 Potions of Cure Light Wounds] | ATTENTION emergency: low HP: quaffed a Potion of Cure Light Wounds (losing ~4 HP/s),You have 7 Scrolls of Phase Door {25% off}.; (ack custom q item=3)
23:02:47 (+167),87,"(30, 82)","Brodda, the Easterling@31,80",ACT rest [rest],"You feel much better.; You have 14 Potions of Cure Light Wounds.; (ack rest); (monlist Brodda, the Easterling ('p')/('p'):[1])"
23:02:48 (+168),88,"(30, 82)","Brodda, the Easterling@30,81",,"hit x5; Brodda, the Easterling flees in terror!"
23:02:49 (+169),88,"(30, 82)",,"ATTENTION fight_going_badly: HP 88/151 fighting Brodda, the Easterling",
23:02:50 (+170),88,"(30, 82)","Brodda, the Easterling@30,79",,
23:02:51 (+171),89,"(30, 82)","Brodda, the Easterling@31,79",ACT rest [rest],(ack rest); You feel yourself yanked upwards!; (ack redraw)
23:02:52 (+172),93,"(16, 45)",,ACT rest [rest],(ack rest)
23:02:53 (+173),109,"(16, 45)",,"NAV_JOURNAL 23:02:53 town 72% | Brodda (unique lvl 9, rated 4) appeared ",
23:02:54 (+174),145,"(16, 45)",,ACT rest [stop resting],(ack rest)
23:02:55 (+175),,,,,
