time,mission,monster,swings,hits,mon_hp_avg,blows,str,weapon
10-07 17:39:01,other,Blubbering idiot,1,1,1.5,2,18,Sabre(1d7)
10-07 17:39:07,other,Filthy street urchin,1,1,2.5,2,18,Sabre(1d7)
10-07 17:39:08,other,Squint-eyed rogue,3,3,9.0,2,18,Sabre(1d7)
10-07 17:39:17,other,Blubbering idiot,1,1,1.5,2,18,Sabre(1d7)
10-07 17:39:20,other,"Singing, happy drunk",1,1,4.0,2,18,Sabre(1d7)
10-07 17:39:20,other,Boil-covered wretch,1,1,1.5,2,18,Sabre(1d7)
10-07 17:39:23,other,Filthy street urchin,1,1,2.5,2,18,Sabre(1d7)
10-07 17:39:23,other,Filthy street urchin,1,1,2.5,2,18,Sabre(1d7)
10-07 17:39:23,other,Filthy street urchin,1,1,2.5,2,18,Sabre(1d7)
10-07 17:39:23,other,Filthy street urchin,1,1,2.5,2,18,Sabre(1d7)
10-07 17:39:24,other,Filthy street urchin,1,1,2.5,2,18,Sabre(1d7)
10-07 17:39:24,other,Filthy street urchin,1,1,2.5,2,18,Sabre(1d7)
10-07 17:39:24,other,Squint-eyed rogue,2,2,9.0,2,18,Sabre(1d7)
10-07 17:39:25,other,Filthy street urchin,2,1,2.5,2,18,Sabre(1d7)
10-07 17:39:25,other,Filthy street urchin,1,1,2.5,2,18,Sabre(1d7)
10-07 17:39:25,other,Boil-covered wretch,1,1,1.5,2,18,Sabre(1d7)
10-07 17:39:26,other,Filthy street urchin,3,3,2.5,2,18,Sabre(1d7)
10-07 17:39:27,other,Filthy street urchin,2,2,2.5,2,18,Sabre(1d7)
10-07 17:39:31,other,Boil-covered wretch,1,1,1.5,2,18,Sabre(1d7)
10-07 17:47:58,other,Village idiot,1,1,10.0,2,18,Sabre(1d7)
10-07 17:48:47,other,Farmer Maggot,63,61,350,2,18,Sabre(1d7)
10-07 17:48:48,other,Mangy-looking leper,1,1,1.0,2,18,Sabre(1d7)
10-07 17:48:49,other,Mangy-looking leper,1,1,1.0,2,18,Sabre(1d7)
10-07 17:49:55,other,Aimless-looking merchant,2,2,6.0,2,18,Sabre(1d7)
10-07 17:51:40,other,Aimless-looking merchant,2,2,6.0,2,18,Sabre(1d7)
10-07 17:51:59,other,Squint-eyed rogue,3,3,9.0,2,18,Sabre(1d7)
10-07 17:53:08,M14,Crow,2,2,9.0,4,68,"MainGauche(+0,+1)"
10-07 17:53:16,M14,Novice warrior,7,5,22.5,4,68,"MainGauche(+0,+1)"
10-07 17:53:54,M14,Clear icky thing,3,2,6.0,4,68,"MainGauche(+0,+1)"
10-07 17:55:22,M14,Novice warrior,4,4,22.5,4,68,"MainGauche(+0,+1)"
10-07 17:55:23,M14,Novice warrior,6,5,22.5,4,68,"MainGauche(+0,+1)"
10-07 17:55:23,M14,Novice warrior,3,2,22.5,4,68,"MainGauche(+0,+1)"
10-07 17:55:35,M14,Blue ooze,3,2,7.5,4,68,"MainGauche(+0,+1)"
10-07 17:55:48,M14,Kobold,3,3,12.0,4,68,"MainGauche(+0,+1)"
10-07 17:55:57,M14,Metallic green centipede,2,2,10.0,4,68,"MainGauche(+0,+1)"
10-07 17:56:13,M14,Large kobold,8,8,65.0,4,68,"MainGauche(+0,+1)"
10-07 17:58:07,M14,Rock lizard,2,2,7.5,4,68,"MainGauche(+0,+1)"
10-07 17:58:10,M14,Wild cat,1,1,9.0,4,68,"MainGauche(+0,+1)"
10-07 17:59:19,M14,Red worm mass,3,3,22.5,4,68,"MainGauche(+0,+1)"
10-07 18:00:20,M14,Novice mage,4,4,15.0,4,68,"MainGauche(+0,+1)"
10-07 18:00:25,M14,Novice mage,6,5,15.0,4,68,"MainGauche(+0,+1)"
10-07 18:01:01,M14,Red worm mass,4,4,22.5,4,68,"MainGauche(+0,+1)"
10-07 18:02:02,M14,Giant white rat,1,1,3.0,4,68,"MainGauche(+0,+1)"
10-07 18:02:45,M14,Novice warrior,4,4,22.5,4,68,"MainGauche(+0,+1)"
10-07 18:05:17,M14,Skeleton orc,12,10,45.0,4,68,"MainGauche(+0,+1)"
10-07 18:05:26,M14,Snaga,13,9,36.0,4,68,"MainGauche(+0,+1)"
10-07 18:05:27,M14,Snaga,6,5,36.0,4,68,"MainGauche(+0,+1)"
10-07 18:06:02,M14,Dark elven warrior,13,13,60.0,4,68,"MainGauche(+0,+1)"
10-07 18:07:52,M14,Kobold,3,3,12.0,4,68,"MainGauche(+0,+1)"
10-07 18:08:07,M14,Creeping copper coins,6,5,31.5,4,68,"MainGauche(+0,+1)"
10-07 18:08:35,M14,Grey mold,1,1,1.5,4,68,"MainGauche(+0,+1)"
10-07 18:08:58,M14,Baby red dragon,21,18,100,4,68,"MainGauche(+0,+1)"
10-07 18:09:04,M14,Scruffy looking hobbit,1,1,9.0,4,68,"MainGauche(+0,+1)"
10-07 18:09:08,M14,Novice rogue,4,4,20.0,4,68,"MainGauche(+0,+1)"
10-07 18:09:30,M14,Red worm mass,6,5,22.5,4,68,"MainGauche(+0,+1)"
10-07 18:09:31,M14,Red worm mass,5,5,22.5,4,68,"MainGauche(+0,+1)"
10-07 18:09:34,M14,Giant white rat,1,1,3.0,4,68,"MainGauche(+0,+1)"
10-07 18:10:37,M14,Cave orc,14,11,55.0,4,68,"MainGauche(+0,+1)"
10-07 18:10:39,M14,Hill orc,12,10,65.0,4,68,"MainGauche(+0,+1)"
10-07 18:10:48,M14,Cave orc,10,9,55.0,4,68,"MainGauche(+0,+1)"
10-07 18:11:55,M14,Pitiful-looking beggar,1,1,2.5,4,68,"MainGauche(+0,+1)"
10-07 18:12:27,M14,Scrawny cat,1,1,1.5,4,68,"MainGauche(+0,+1)"
10-07 18:16:42,M14,Crow,2,2,9.0,4,68,"MainGauche(+0,+1)"
10-07 18:17:07,M14,Scruffy looking hobbit,1,1,9.0,4,68,"MainGauche(+0,+1)"
10-07 18:17:23,M14,Yellow worm mass,3,3,18.0,4,68,"MainGauche(+0,+1)"
10-07 18:17:23,M14,Yellow worm mass,4,4,18.0,4,68,"MainGauche(+0,+1)"
10-07 18:17:24,M14,Yellow worm mass,2,2,18.0,4,68,"MainGauche(+0,+1)"
10-07 18:17:26,M14,Yellow worm mass,3,3,18.0,4,68,"MainGauche(+0,+1)"
10-07 18:17:28,M14,Yellow worm mass,4,3,18.0,4,68,"MainGauche(+0,+1)"
10-07 18:17:33,M14,Large brown snake,5,2,14.0,4,68,"MainGauche(+0,+1)"
10-07 18:19:53,M14,Blue yeek,3,2,7.0,4,68,"MainGauche(+0,+1)"
10-07 18:20:04,M14,Kobold,3,3,12.0,4,68,"MainGauche(+0,+1)"
10-07 18:20:08,M14,Cave spider,1,1,7.0,4,68,"MainGauche(+0,+1)"
10-07 18:20:09,M14,Cave spider,2,2,7.0,4,68,"MainGauche(+0,+1)"
10-07 18:20:10,M14,Cave spider,1,1,7.0,4,68,"MainGauche(+0,+1)"
10-07 18:20:13,M14,Cave spider,1,1,7.0,4,68,"MainGauche(+0,+1)"
10-07 18:20:14,M14,Cave spider,2,2,7.0,4,68,"MainGauche(+0,+1)"
10-07 18:20:15,M14,Cave spider,1,1,7.0,4,68,"MainGauche(+0,+1)"
10-07 18:20:29,M14,Raven,2,2,12.0,4,68,"MainGauche(+0,+1)"
10-07 18:24:02,M14,Creeping copper coins,5,3,31.5,4,68,"MainGauche(+0,+1)"
10-07 18:28:12,other,Battle-scarred veteran,6,5,31.5,4,68,"MainGauche(+0,+1)"
10-07 18:50:11,other,Mean-looking mercenary,5,5,22.5,4,68,"MainGauche(+0,+1)"
10-07 19:14:30,other,Battle-scarred veteran,10,6,31.5,4,68,"MainGauche(+0,+1)"
10-07 19:15:00,other,Battle-scarred veteran,10,5,31.5,4,68,"MainGauche(+0,+1)"
10-07 19:21:38,other,Battle-scarred veteran,4,4,31.5,4,68,"MainGauche(+0,+1)"
10-07 19:36:36,other,Battle-scarred veteran,4,3,31.5,4,68,"MainGauche(+0,+1)"
10-07 19:49:14,other,Battle-scarred veteran,7,5,31.5,4,68,"MainGauche(+0,+1)"
10-07 22:43:19,M15,Aimless-looking merchant,2,1,6.0,4,68,"MainGauche(+0,+1)"
10-07 22:43:20,M15,Aimless-looking merchant,1,1,6.0,4,68,"MainGauche(+0,+1)"
10-07 22:43:20,M15,"Singing, happy drunk",1,1,4.0,4,68,"MainGauche(+0,+1)"
10-07 22:43:25,M15,"Singing, happy drunk",2,2,4.0,4,68,"MainGauche(+0,+1)"
10-07 22:43:36,M15,Aimless-looking merchant,2,2,6.0,4,68,"MainGauche(+0,+1)"
10-07 22:43:38,M15,Pitiful-looking beggar,1,1,2.5,4,68,"MainGauche(+0,+1)"
10-07 22:43:39,M15,Mangy-looking leper,1,1,1.0,4,68,"MainGauche(+0,+1)"
10-07 22:44:11,M15,Squint-eyed rogue,3,2,9.0,4,68,"MainGauche(+0,+1)"
10-07 22:44:22,M15,Aimless-looking merchant,1,1,6.0,4,68,"MainGauche(+0,+1)"
10-07 22:44:24,M15,Boil-covered wretch,1,1,1.5,4,68,"MainGauche(+0,+1)"
10-07 22:44:25,M15,Mangy-looking leper,1,1,1.0,4,68,"MainGauche(+0,+1)"
10-07 22:44:32,M15,Village idiot,2,2,10.0,4,68,"MainGauche(+0,+1)"
10-07 22:44:32,M15,Scrawny cat,1,1,1.5,4,68,"MainGauche(+0,+1)"
10-07 22:44:34,M15,Scruffy little dog,2,1,2.0,4,68,"MainGauche(+0,+1)"
10-07 22:44:39,M15,Squint-eyed rogue,1,1,9.0,4,68,"MainGauche(+0,+1)"
10-07 22:44:39,M15,Aimless-looking merchant,1,1,6.0,4,68,"MainGauche(+0,+1)"
10-07 22:44:40,M15,Squint-eyed rogue,2,2,9.0,4,68,"MainGauche(+0,+1)"
10-07 22:44:50,M15,Farmer Maggot,59,53,350,4,68,"MainGauche(+0,+1)"
10-07 22:44:50,M15,Blubbering idiot,1,1,1.5,4,68,"MainGauche(+0,+1)"
10-07 22:44:50,M15,Filthy street urchin,1,1,2.5,4,68,"MainGauche(+0,+1)"
10-07 22:44:50,M15,Scruffy little dog,1,1,2.0,4,68,"MainGauche(+0,+1)"
10-07 22:44:50,M15,Scrawny cat,1,1,1.5,4,68,"MainGauche(+0,+1)"
10-07 22:44:50,M15,Boil-covered wretch,1,1,1.5,4,68,"MainGauche(+0,+1)"
10-07 22:44:50,M15,Scrawny cat,1,1,1.5,4,68,"MainGauche(+0,+1)"
10-07 22:44:50,M15,Mangy-looking leper,1,1,1.0,4,68,"MainGauche(+0,+1)"
10-07 22:44:51,M15,Mangy-looking leper,1,1,1.0,4,68,"MainGauche(+0,+1)"
10-07 22:44:51,M15,Village idiot,2,2,10.0,4,68,"MainGauche(+0,+1)"
10-07 22:44:53,M15,Boil-covered wretch,1,1,1.5,4,68,"MainGauche(+0,+1)"
10-07 22:44:58,M15,"Singing, happy drunk",1,1,4.0,4,68,"MainGauche(+0,+1)"
10-07 22:45:00,M15,Blubbering idiot,1,1,1.5,4,68,"MainGauche(+0,+1)"
10-07 22:45:01,M15,Aimless-looking merchant,2,2,6.0,4,68,"MainGauche(+0,+1)"
10-07 22:45:02,M15,Boil-covered wretch,1,1,1.5,4,68,"MainGauche(+0,+1)"
10-07 22:45:02,M15,Aimless-looking merchant,1,1,6.0,4,68,"MainGauche(+0,+1)"
10-07 22:45:04,M15,Scrawny cat,1,1,1.5,4,68,"MainGauche(+0,+1)"
10-07 22:45:04,M15,Pitiful-looking beggar,2,1,2.5,4,68,"MainGauche(+0,+1)"
10-07 22:45:05,M15,Aimless-looking merchant,3,2,6.0,4,68,"MainGauche(+0,+1)"
10-07 22:45:07,M15,Squint-eyed rogue,2,2,9.0,4,68,"MainGauche(+0,+1)"
10-07 22:45:11,M15,"Singing, happy drunk",2,1,4.0,4,68,"MainGauche(+0,+1)"
10-07 22:45:12,M15,Squint-eyed rogue,2,2,9.0,4,68,"MainGauche(+0,+1)"
10-07 22:45:54,M15,Aimless-looking merchant,3,2,6.0,4,68,"MainGauche(+0,+1)"
10-07 22:45:56,M15,Mangy-looking leper,1,1,1.0,4,68,"MainGauche(+0,+1)"
10-07 22:46:13,M15,"Singing, happy drunk",1,1,4.0,4,68,"MainGauche(+0,+1)"
10-07 22:46:47,M15,Squint-eyed rogue,2,2,9.0,4,68,"MainGauche(+0,+1)"
10-07 22:46:53,M15,Blubbering idiot,1,1,1.5,4,68,"MainGauche(+0,+1)"
10-07 22:46:55,M15,Mangy-looking leper,1,1,1.0,4,68,"MainGauche(+0,+1)"
10-07 22:47:39,M15,Filthy street urchin,1,1,2.5,4,68,"MainGauche(+0,+1)"
10-07 22:47:41,M15,Mangy-looking leper,1,1,1.0,4,68,"MainGauche(+0,+1)"
10-07 22:47:41,M15,Village idiot,2,2,10.0,4,68,"MainGauche(+0,+1)"
10-07 22:48:04,M15,Filthy street urchin,1,1,2.5,4,68,"MainGauche(+0,+1)"
10-07 22:48:06,M15,Filthy street urchin,1,1,2.5,4,68,"MainGauche(+0,+1)"
10-07 22:48:08,M15,Filthy street urchin,1,1,2.5,4,68,"MainGauche(+0,+1)"
10-07 22:48:08,M15,Filthy street urchin,1,1,2.5,4,68,"MainGauche(+0,+1)"
10-07 22:48:08,M15,Filthy street urchin,1,1,2.5,4,68,"MainGauche(+0,+1)"
10-07 22:48:08,M15,Filthy street urchin,1,1,2.5,4,68,"MainGauche(+0,+1)"
10-07 22:48:08,M15,Filthy street urchin,2,1,2.5,4,68,"MainGauche(+0,+1)"
10-07 22:48:08,M15,Filthy street urchin,1,1,2.5,4,68,"MainGauche(+0,+1)"
10-07 22:48:09,M15,Filthy street urchin,1,1,2.5,4,68,"MainGauche(+0,+1)"
10-07 22:48:09,M15,Filthy street urchin,1,1,2.5,4,68,"MainGauche(+0,+1)"
10-07 22:48:09,M15,Filthy street urchin,1,1,2.5,4,68,"MainGauche(+0,+1)"
10-07 22:48:09,M15,Filthy street urchin,1,1,2.5,4,68,"MainGauche(+0,+1)"
10-07 22:48:09,M15,Filthy street urchin,1,1,2.5,4,68,"MainGauche(+0,+1)"
10-07 22:48:12,M15,Filthy street urchin,1,1,2.5,4,68,"MainGauche(+0,+1)"
10-07 22:49:04,M15,Boil-covered wretch,2,1,1.5,4,68,"MainGauche(+0,+1)"
10-07 22:49:24,M15,Mangy-looking leper,2,1,1.0,4,68,"MainGauche(+0,+1)"
10-07 22:49:49,M15,Mangy-looking leper,1,1,1.0,4,68,"MainGauche(+0,+1)"
10-07 22:49:54,M15,Aimless-looking merchant,2,2,6.0,4,68,"MainGauche(+0,+1)"
10-07 22:50:58,M15,Filthy street urchin,1,1,2.5,4,68,"MainGauche(+0,+1)"
10-07 22:51:11,M15,Filthy street urchin,1,1,2.5,4,68,"MainGauche(+0,+1)"
10-07 22:51:18,M15,Blubbering idiot,1,1,1.5,4,68,"MainGauche(+0,+1)"
10-07 22:51:22,M15,Filthy street urchin,1,1,2.5,4,68,"MainGauche(+0,+1)"
10-07 22:51:22,M15,Pitiful-looking beggar,1,1,2.5,4,68,"MainGauche(+0,+1)"
10-07 22:51:22,M15,Filthy street urchin,1,1,2.5,4,68,"MainGauche(+0,+1)"
10-07 22:51:54,M15,Battle-scarred veteran,5,5,31.5,4,68,"MainGauche(+0,+1)"
10-07 22:52:10,M15,Squint-eyed rogue,4,3,9.0,4,68,"MainGauche(+0,+1)"
10-07 22:52:16,M15,Squint-eyed rogue,3,2,9.0,4,68,"MainGauche(+0,+1)"
10-07 22:52:25,M15,Boil-covered wretch,1,1,1.5,4,68,"MainGauche(+0,+1)"
10-07 22:52:29,M15,Blubbering idiot,1,1,1.5,4,68,"MainGauche(+0,+1)"
10-07 22:52:30,M15,"Singing, happy drunk",1,1,4.0,4,68,"MainGauche(+0,+1)"
10-07 22:52:53,M15,Squint-eyed rogue,2,2,9.0,4,68,"MainGauche(+0,+1)"
10-07 22:53:02,M15,Village idiot,3,2,10.0,4,68,"MainGauche(+0,+1)"
10-07 22:53:07,M15,Squint-eyed rogue,3,3,9.0,4,68,"MainGauche(+0,+1)"
10-07 22:53:23,M15,Aimless-looking merchant,1,1,6.0,4,68,"MainGauche(+0,+1)"
10-07 22:53:26,M15,"Singing, happy drunk",1,1,4.0,4,68,"MainGauche(+0,+1)"
10-07 22:53:26,M15,Boil-covered wretch,1,1,1.5,4,68,"MainGauche(+0,+1)"
10-07 22:53:38,M15,Filthy street urchin,1,1,2.5,4,68,"MainGauche(+0,+1)"
10-07 22:54:49,M15,Village idiot,2,2,10.0,4,68,"MainGauche(+0,+1)"
10-07 22:54:52,M15,Squint-eyed rogue,2,2,9.0,4,68,"MainGauche(+0,+1)"
10-07 22:55:00,M15,Village idiot,3,2,10.0,4,68,"MainGauche(+0,+1)"
10-07 22:55:23,M15,Mangy-looking leper,1,1,1.0,4,68,"MainGauche(+0,+1)"
10-07 22:55:25,M15,Filthy street urchin,1,1,2.5,4,68,"MainGauche(+0,+1)"
10-07 22:55:31,M15,Pitiful-looking beggar,1,1,2.5,4,68,"MainGauche(+0,+1)"
10-07 22:55:49,M15,Mangy-looking leper,1,1,1.0,4,68,"MainGauche(+0,+1)"
10-07 22:55:51,M15,Filthy street urchin,1,1,2.5,4,68,"MainGauche(+0,+1)"
10-07 22:56:15,M15,Filthy street urchin,1,1,2.5,4,68,"MainGauche(+0,+1)"
10-07 22:56:27,M15,Filthy street urchin,1,1,2.5,4,68,"MainGauche(+0,+1)"
10-07 22:58:18,M15,Filthy street urchin,1,1,2.5,4,68,"MainGauche(+0,+1)"
10-07 23:00:29,M15,Blue yeek,2,2,7.0,4,68,"MainGauche(+0,+2)"
10-07 23:00:40,M15,Red jelly,20,19,117.0,4,68,"MainGauche(+0,+2)"
10-07 23:01:25,M15,Kobold,2,2,12.0,3,48,"MainGauche(+0,+2)"
10-07 23:02:35,M15,Large kobold,8,6,65.0,3,48,"MainGauche(+0,+2)"
10-07 23:04:58,M15,Fruit bat,1,1,3.5,3,48,"MainGauche(+0,+2)"
10-07 23:07:10,M15,Grey icky thing,4,4,18.0,3,48,"MainGauche(+0,+2)"
10-07 23:09:34,M15,Blubbering icky thing,1,1,17.5,3,48,"MainGauche(+0,+2)"
10-07 23:09:58,M15,Giant red frog,4,4,22.5,3,48,"MainGauche(+0,+2)"
10-07 23:10:55,M15,Snaga,6,5,36.0,3,48,"MainGauche(+0,+2)"
10-07 23:10:57,M15,Snaga,8,6,36.0,3,48,"MainGauche(+0,+2)"
10-07 23:11:11,M15,Snaga,7,5,36.0,3,48,"MainGauche(+0,+2)"
10-07 23:11:16,M15,Skeleton orc,7,6,45.0,3,48,"MainGauche(+0,+2)"
10-07 23:11:34,M15,Snaga,9,7,36.0,3,48,"MainGauche(+0,+2)"
10-07 23:11:35,M15,Snaga,7,6,36.0,3,48,"MainGauche(+0,+2)"
10-07 23:11:36,M15,Snaga,3,3,36.0,3,48,"MainGauche(+0,+2)"
10-07 23:11:37,M15,Snaga,6,5,36.0,3,48,"MainGauche(+0,+2)"
10-07 23:12:10,M15,Hill orc,8,8,65.0,3,48,"MainGauche(+0,+2)"
10-07 23:12:16,M15,Hill orc,15,11,65.0,3,48,"MainGauche(+0,+2)"
10-07 23:12:19,M15,Snaga,5,4,36.0,3,48,"MainGauche(+0,+2)"
10-07 23:12:21,M15,Hill orc,20,17,65.0,3,48,"MainGauche(+0,+2)"
10-07 23:12:22,M15,Hill orc,2,1,65.0,3,48,"MainGauche(+0,+2)"
10-07 23:12:24,M15,Hill orc,9,8,65.0,3,48,"MainGauche(+0,+2)"
10-07 23:12:25,M15,Snaga,7,6,36.0,3,48,"MainGauche(+0,+2)"
10-07 23:12:30,M15,White harpy,2,2,6.0,3,48,"MainGauche(+0,+2)"
10-07 23:12:51,M15,Hill orc,6,5,65.0,3,48,"MainGauche(+0,+2)"
10-07 23:13:22,M15,Skeleton kobold,3,3,22.5,3,48,"MainGauche(+0,+2)"
10-07 23:13:44,M15,Snaga,10,6,36.0,3,48,"MainGauche(+0,+2)"
10-07 23:13:45,M15,Snaga,5,5,36.0,3,48,"MainGauche(+0,+2)"
10-07 23:13:47,M15,Snaga,7,5,36.0,3,48,"MainGauche(+0,+2)"
10-07 23:14:08,M15,Snaga,5,4,36.0,3,48,"MainGauche(+0,+2)"
10-07 23:14:11,M15,Snaga,13,9,36.0,3,48,"MainGauche(+0,+2)"
10-07 23:14:12,M15,Snaga,5,5,36.0,3,48,"MainGauche(+0,+2)"
10-07 23:14:13,M15,Snaga,5,5,36.0,3,48,"MainGauche(+0,+2)"
10-07 23:14:35,M15,Snaga,3,3,36.0,3,48,"MainGauche(+0,+2)"
10-07 23:16:31,M15,Squint-eyed rogue,2,2,9.0,3,48,"MainGauche(+0,+2)"
10-07 23:18:14,M15,Novice mage,4,3,15.0,4,68,"MainGauche(+0,+2)"
10-07 23:18:27,M15,Novice mage,1,1,15.0,4,68,"MainGauche(+0,+2)"
10-07 23:18:28,M15,Novice mage,3,3,15.0,4,68,"MainGauche(+0,+2)"
10-07 23:18:28,M15,Novice mage,1,1,15.0,4,68,"MainGauche(+0,+2)"
10-07 23:18:29,M15,Novice mage,3,2,15.0,4,68,"MainGauche(+0,+2)"
10-07 23:18:37,M15,Giant brown bat,2,2,13.5,4,68,"MainGauche(+0,+2)"
10-07 23:18:40,M15,Skeleton orc,5,5,45.0,4,68,"MainGauche(+0,+2)"
10-07 23:19:59,M15,Kobold,2,2,12.0,4,68,"MainGauche(+0,+2)"
10-07 23:20:36,M15,Novice mage,2,2,15.0,4,68,"MainGauche(+0,+2)"
10-07 23:22:29,M15,Novice mage,2,2,15.0,4,68,"MainGauche(+0,+2)"
10-07 23:28:01,M15,Blubbering icky thing,3,3,17.5,4,68,"MainGauche(+0,+2)"
10-07 23:28:06,M15,Zombified kobold,5,4,27.0,4,68,"MainGauche(+0,+2)"
10-07 23:28:47,M15,Snaga,6,6,36.0,4,68,"MainGauche(+0,+2)"
10-07 23:28:48,M15,Snaga,6,5,36.0,4,68,"MainGauche(+0,+2)"
10-07 23:28:50,M15,Snaga,11,5,36.0,4,68,"MainGauche(+0,+2)"
10-07 23:28:58,M15,Zombified kobold,3,3,27.0,4,68,"MainGauche(+0,+2)"
10-07 23:29:02,M15,Small kobold,2,2,8.0,4,68,"MainGauche(+0,+2)"
10-07 23:29:13,M15,Snaga,6,5,36.0,4,68,"MainGauche(+0,+2)"
10-07 23:29:21,M15,Snaga,5,5,36.0,4,68,"MainGauche(+0,+2)"
10-07 23:29:21,M15,Snaga,4,3,36.0,4,68,"MainGauche(+0,+2)"
10-07 23:29:27,M15,Large grey snake,5,5,27.0,4,68,"MainGauche(+0,+2)"
10-07 23:29:28,M15,Snaga,3,3,36.0,4,68,"MainGauche(+0,+2)"
10-07 23:30:39,M15,Bloodshot icky thing,4,4,31.5,4,68,"MainGauche(+0,+2)"
10-07 23:31:56,M15,White jelly,5,5,36.0,4,68,"MainGauche(+0,+2)"
10-07 23:32:18,M15,Cave spider,2,2,7.0,4,68,"MainGauche(+0,+2)"
10-07 23:32:18,M15,Cave spider,1,1,7.0,4,68,"MainGauche(+0,+2)"
10-07 23:32:18,M15,Cave spider,2,2,7.0,4,68,"MainGauche(+0,+2)"
10-07 23:32:22,M15,Cave spider,2,2,7.0,4,68,"MainGauche(+0,+2)"
10-07 23:32:23,M15,Cave spider,2,2,7.0,4,68,"MainGauche(+0,+2)"
10-07 23:32:23,M15,Cave spider,2,2,7.0,4,68,"MainGauche(+0,+2)"
10-07 23:32:23,M15,Cave spider,1,1,7.0,4,68,"MainGauche(+0,+2)"
10-07 23:32:24,M15,Cave spider,2,2,7.0,4,68,"MainGauche(+0,+2)"
10-07 23:32:24,M15,Cave spider,1,1,7.0,4,68,"MainGauche(+0,+2)"
10-07 23:32:24,M15,Cave spider,1,1,7.0,4,68,"MainGauche(+0,+2)"
10-07 23:32:24,M15,Cave spider,1,1,7.0,4,68,"MainGauche(+0,+2)"
10-07 23:50:22,other,Soldier ant,1,1,6.0,4,68,"MainGauche(+0,+2)"
10-07 23:51:15,other,Squint-eyed rogue,2,2,9.0,4,68,"MainGauche(+0,+2)"
10-07 23:51:43,other,Aimless-looking merchant,1,1,6.0,4,68,"MainGauche(+0,+2)"
10-07 23:52:10,other,Village idiot,2,2,10.0,4,68,"MainGauche(+0,+2)"
10-08 00:25:35,other,Mean-looking mercenary,4,3,22.5,4,68,"MainGauche(+0,+2)"
10-08 00:25:46,other,Battle-scarred veteran,7,5,31.5,4,68,"MainGauche(+0,+2)"
10-08 00:27:26,other,Battle-scarred veteran,5,4,31.5,4,68,"MainGauche(+0,+2)"
10-08 00:32:17,other,Mean-looking mercenary,2,2,22.5,4,68,"MainGauche(+0,+2)"
10-08 01:05:33,other,Battle-scarred veteran,3,3,31.5,4,68,"MainGauche(+0,+2)"
10-08 01:12:36,other,Battle-scarred veteran,6,5,31.5,4,68,"MainGauche(+0,+2)"
10-08 01:29:34,other,Battle-scarred veteran,3,3,31.5,4,68,"MainGauche(+0,+2)"
10-08 01:39:36,other,Mean-looking mercenary,3,3,22.5,4,68,"MainGauche(+0,+2)"
10-08 01:49:15,other,Battle-scarred veteran,4,4,31.5,4,68,"MainGauche(+0,+2)"
10-08 01:52:24,other,Battle-scarred veteran,4,4,31.5,4,68,"MainGauche(+0,+2)"
10-08 01:52:46,other,Mean-looking mercenary,2,2,22.5,4,68,"MainGauche(+0,+2)"
10-08 02:01:58,other,Mean-looking mercenary,5,4,22.5,4,68,"MainGauche(+0,+2)"
10-08 02:13:04,other,Mean-looking mercenary,4,4,22.5,4,68,"MainGauche(+0,+2)"
10-08 02:21:12,other,Mean-looking mercenary,4,4,22.5,4,68,"MainGauche(+0,+2)"
10-08 02:30:36,other,Battle-scarred veteran,4,4,31.5,4,68,"MainGauche(+0,+2)"
10-08 03:03:07,other,Battle-scarred veteran,8,5,31.5,4,68,"MainGauche(+0,+2)"
10-08 15:31:56,M16,Filthy street urchin,1,1,2.5,4,68,"MainGauche(+0,+2)"
10-08 15:31:56,M16,Filthy street urchin,1,1,2.5,4,68,"MainGauche(+0,+2)"
10-08 15:31:57,M16,Filthy street urchin,1,1,2.5,4,68,"MainGauche(+0,+2)"
10-08 15:31:57,M16,Mangy-looking leper,1,1,1.0,4,68,"MainGauche(+0,+2)"
10-08 15:31:59,M16,Filthy street urchin,1,1,2.5,4,68,"MainGauche(+0,+2)"
10-08 15:31:59,M16,Filthy street urchin,1,1,2.5,4,68,"MainGauche(+0,+2)"
10-08 15:31:59,M16,Filthy street urchin,1,1,2.5,4,68,"MainGauche(+0,+2)"
10-08 15:31:59,M16,Filthy street urchin,1,1,2.5,4,68,"MainGauche(+0,+2)"
10-08 15:32:04,M16,Scrawny cat,2,1,1.5,4,68,"MainGauche(+0,+2)"
10-08 15:32:23,M16,Filthy street urchin,1,1,2.5,4,68,"MainGauche(+0,+2)"
10-08 15:32:24,M16,Filthy street urchin,1,1,2.5,4,68,"MainGauche(+0,+2)"
10-08 15:32:24,M16,Filthy street urchin,1,1,2.5,4,68,"MainGauche(+0,+2)"
10-08 15:32:25,M16,Squint-eyed rogue,2,2,9.0,4,68,"MainGauche(+0,+2)"
10-08 15:32:25,M16,Filthy street urchin,1,1,2.5,4,68,"MainGauche(+0,+2)"
10-08 15:32:26,M16,Filthy street urchin,1,1,2.5,4,68,"MainGauche(+0,+2)"
10-08 15:32:28,M16,Filthy street urchin,1,1,2.5,4,68,"MainGauche(+0,+2)"
10-08 15:32:28,M16,Filthy street urchin,1,1,2.5,4,68,"MainGauche(+0,+2)"
10-08 15:32:30,M16,Scrawny cat,1,1,1.5,4,68,"MainGauche(+0,+2)"
10-08 15:32:33,M16,Scrawny cat,1,1,1.5,4,68,"MainGauche(+0,+2)"
10-08 15:33:06,M16,Baby black dragon,13,13,100,4,68,"MainGauche(+0,+2)"
10-08 15:33:07,M16,Black harpy,2,1,13.5,4,68,"MainGauche(+0,+2)"
10-08 15:33:09,M16,Hill orc,10,9,65.0,4,68,"MainGauche(+0,+2)"
10-08 15:33:11,M16,Cave orc,10,9,55.0,4,68,"MainGauche(+0,+2)"
10-08 15:33:34,M16,Hairy mold,12,10,67.5,4,68,"MainGauche(+0,+2)"
10-08 15:33:34,M16,Small kobold,2,2,8.0,4,68,"MainGauche(+0,+2)"
10-08 15:33:44,M16,Cave orc,11,10,55.0,4,68,"MainGauche(+0,+2)"
10-08 15:33:45,M16,Cave orc,8,7,55.0,4,68,"MainGauche(+0,+2)"
10-08 15:33:46,M16,Cave orc,9,7,55.0,4,68,"MainGauche(+0,+2)"
10-08 15:33:47,M16,Cave orc,7,7,55.0,4,68,"MainGauche(+0,+2)"
10-08 15:33:49,M16,Cave orc,11,9,55.0,4,68,"MainGauche(+0,+2)"
10-08 15:33:52,M16,Hill orc,14,8,65.0,4,68,"MainGauche(+0,+2)"
10-08 15:34:07,M16,Grey mold,1,1,1.5,4,68,"MainGauche(+0,+2)"
10-08 15:35:19,M16,White harpy,2,2,6.0,4,68,"MainGauche(+0,+2)"
10-08 15:37:09,M16,Yellow mold,5,5,36.0,4,68,"MainGauche(+0,+2)"
10-08 15:37:34,M16,Novice ranger,3,3,27.0,4,68,"MainGauche(+0,+2)"
10-08 15:37:36,M16,Novice ranger,4,3,27.0,4,68,"MainGauche(+0,+2)"
10-08 15:37:37,M16,Novice ranger,3,3,27.0,4,68,"MainGauche(+0,+2)"
10-08 15:37:37,M16,Novice ranger,2,2,27.0,4,68,"MainGauche(+0,+2)"
10-08 15:37:40,M16,Novice ranger,4,4,27.0,4,68,"MainGauche(+0,+2)"
10-08 15:37:54,M16,Green naga,4,4,40.5,4,68,"MainGauche(+0,+2)"
10-08 15:39:17,M16,Giant white rat,1,1,3.0,4,68,"MainGauche(+0,+2)"
10-08 15:39:33,M16,Hippogriff,15,14,100.0,4,68,"MainGauche(+0,+2)"
10-08 15:39:55,M16,Zombified orc,8,6,49.5,4,68,"MainGauche(+0,+2)"
10-08 15:40:29,M16,Novice mage,2,2,15.0,4,68,"MainGauche(+0,+2)"
10-08 15:40:36,M16,Green naga,4,4,40.5,4,68,"MainGauche(+0,+2)"
10-08 15:41:31,M16,Panther,6,6,45.0,4,68,"MainGauche(+0,+2)"
10-08 15:42:42,M16,Novice mage,2,2,15.0,4,68,"MainGauche(+0,+2)"
10-08 15:42:43,M16,Novice mage,3,3,15.0,4,68,"MainGauche(+0,+2)"
10-08 15:42:43,M16,Novice mage,2,2,15.0,4,68,"MainGauche(+0,+2)"
10-08 15:42:45,M16,Novice mage,3,2,15.0,4,68,"MainGauche(+0,+2)"
10-08 15:42:46,M16,Novice mage,3,3,15.0,4,68,"MainGauche(+0,+2)"
10-08 15:42:47,M16,Novice mage,3,3,15.0,4,68,"MainGauche(+0,+2)"
10-08 15:42:47,M16,Novice mage,3,3,15.0,4,68,"MainGauche(+0,+2)"
10-08 15:42:48,M16,Novice mage,2,2,15.0,4,68,"MainGauche(+0,+2)"
10-08 15:42:49,M16,Novice mage,4,3,15.0,4,68,"MainGauche(+0,+2)"
10-08 15:42:49,M16,Novice mage,2,2,15.0,4,68,"MainGauche(+0,+2)"
10-08 15:42:50,M16,Novice mage,3,3,15.0,4,68,"MainGauche(+0,+2)"
10-08 15:43:07,M16,Novice mage,3,3,15.0,4,68,"MainGauche(+0,+2)"
10-08 15:46:33,M16,Yellow mushroom patch,1,1,1.0,4,68,"MainGauche(+0,+2)"
10-08 15:49:19,M16,Pseudo-dragon,30,26,200,4,68,"MainGauche(+0,+2)"
10-08 15:49:57,M16,Green mold,15,14,94.5,4,68,"MainGauche(+0,+2)"
10-08 15:50:28,M16,Dark elven warrior,11,10,60.0,4,68,"MainGauche(+0,+2)"
10-08 15:51:08,M16,Green mold,15,14,94.5,4,68,"MainGauche(+0,+2)"
10-08 15:51:20,M16,Scruffy looking hobbit,1,1,9.0,4,68,"MainGauche(+0,+2)"
10-08 15:51:37,M16,Hippogriff,10,10,100.0,4,68,"MainGauche(+0,+2)"
10-08 15:55:11,M16,Blue jelly,6,6,54.0,4,68,"MainGauche(+0,+2)"
10-08 15:56:48,M16,Hill orc,6,6,65.0,4,68,"MainGauche(+0,+2)"
10-08 15:56:50,M16,Hill orc,13,9,65.0,4,68,"MainGauche(+0,+2)"
10-08 15:56:51,M16,Hill orc,8,7,65.0,4,68,"MainGauche(+0,+2)"
10-08 15:56:56,M16,Hill orc,11,9,65.0,4,68,"MainGauche(+0,+2)"
10-08 15:57:41,M16,Snaga,4,4,36.0,4,68,"MainGauche(+0,+2)"
10-08 15:57:44,M16,Snaga,5,4,36.0,4,68,"MainGauche(+0,+2)"
10-08 15:57:45,M16,Snaga,8,6,36.0,4,68,"MainGauche(+0,+2)"
10-08 15:58:05,M16,Snaga,5,4,36.0,4,68,"MainGauche(+0,+2)"
10-08 15:58:07,M16,Snaga,11,10,36.0,4,68,"MainGauche(+0,+2)"
10-08 15:58:09,M16,Snaga,11,10,36.0,4,68,"MainGauche(+0,+2)"
10-08 15:58:10,M16,Snaga,4,3,36.0,4,68,"MainGauche(+0,+2)"
10-08 15:58:11,M16,Snaga,5,5,36.0,4,68,"MainGauche(+0,+2)"
10-08 15:58:12,M16,Snaga,3,3,36.0,4,68,"MainGauche(+0,+2)"
10-08 15:58:14,M16,Snaga,6,5,36.0,4,68,"MainGauche(+0,+2)"
10-08 15:58:15,M16,Snaga,7,6,36.0,4,68,"MainGauche(+0,+2)"
10-08 15:58:16,M16,Snaga,5,5,36.0,4,68,"MainGauche(+0,+2)"
10-08 15:58:21,M16,Snaga,5,5,36.0,4,68,"MainGauche(+0,+2)"
10-08 15:58:37,M16,Snaga,7,6,36.0,4,68,"MainGauche(+0,+2)"
10-08 15:58:38,M16,Snaga,3,3,36.0,4,68,"MainGauche(+0,+2)"
10-08 15:58:39,M16,Snaga,6,5,36.0,4,68,"MainGauche(+0,+2)"
10-08 15:58:40,M16,Snaga,5,5,36.0,4,68,"MainGauche(+0,+2)"
10-08 15:59:39,M16,Boil-covered wretch,1,1,1.5,4,68,"MainGauche(+0,+2)"
10-08 15:59:54,M16,Village idiot,2,2,10.0,4,68,"MainGauche(+0,+2)"
10-08 16:00:22,M16,Filthy street urchin,1,1,2.5,4,68,"MainGauche(+0,+2)"
10-08 16:00:23,M16,Blubbering idiot,1,1,1.5,4,68,"MainGauche(+0,+2)"
10-08 16:00:23,M16,Squint-eyed rogue,2,2,9.0,4,68,"MainGauche(+0,+2)"
10-08 16:00:26,M16,Aimless-looking merchant,2,2,6.0,4,68,"MainGauche(+0,+2)"
10-08 16:00:30,M16,Aimless-looking merchant,2,2,6.0,4,68,"MainGauche(+0,+2)"
10-08 16:00:30,M16,Blubbering idiot,1,1,1.5,4,68,"MainGauche(+0,+2)"
10-08 16:00:31,M16,Aimless-looking merchant,3,2,6.0,4,68,"MainGauche(+0,+2)"
10-08 16:00:31,M16,Aimless-looking merchant,1,1,6.0,4,68,"MainGauche(+0,+2)"
10-08 16:00:42,M16,Boil-covered wretch,1,1,1.5,4,68,"MainGauche(+0,+2)"
10-08 16:02:05,M16,"Singing, happy drunk",1,1,4.0,4,68,"MainGauche(+0,+2)"
10-08 16:02:30,M16,Scruffy little dog,1,1,2.0,4,68,"MainGauche(+0,+2)"
10-08 16:02:33,M16,Squint-eyed rogue,2,2,9.0,4,68,"MainGauche(+0,+2)"
10-08 16:02:33,M16,Boil-covered wretch,1,1,1.5,4,68,"MainGauche(+0,+2)"
10-08 16:03:14,M16,Aimless-looking merchant,1,1,6.0,4,68,"MainGauche(+0,+2)"
10-08 16:04:55,M16,Village idiot,2,2,10.0,4,68,"MainGauche(+0,+2)"
10-08 16:05:14,M16,Scrawny cat,1,1,1.5,4,68,"MainGauche(+0,+2)"
10-08 16:06:12,M16,"Singing, happy drunk",1,1,4.0,4,68,"MainGauche(+0,+2)"
10-08 16:07:24,M16,Mangy-looking leper,1,1,1.0,4,68,"MainGauche(+0,+2)"
10-08 16:07:43,M16,Blubbering idiot,1,1,1.5,4,68,"MainGauche(+0,+2)"
10-08 16:19:54,other,Battle-scarred veteran,2,2,31.5,4,68,"MainGauche(+0,+2)"
10-08 16:24:05,other,Battle-scarred veteran,5,5,31.5,4,68,"MainGauche(+0,+2)"
10-08 16:52:39,other,Mean-looking mercenary,4,4,22.5,4,68,"MainGauche(+0,+2)"
10-08 16:58:59,other,Mean-looking mercenary,4,4,22.5,4,68,"MainGauche(+0,+2)"
10-08 17:07:45,other,Battle-scarred veteran,5,5,31.5,4,68,"MainGauche(+0,+2)"
10-08 17:23:26,other,Mean-looking mercenary,3,2,22.5,4,68,"MainGauche(+0,+2)"
